uniqueID,division,state,byElection,from,to,reasonCeasedToBeMember,changedSeat,comments
Abbott1869,New England,NSW,No,1913-05-31,1919-11-03,Retired,,
Abbott1886,Gwydir,NSW,No,1925-11-14,1929-10-12,Defeated,,
Abbott1886,Gwydir,NSW,No,1931-12-19,1937-03-28,Resigned,,
Abbott1891,New England,NSW,No,1940-09-21,1949-10-31,Retired,,
Abbott1957,Warringah,NSW,Yes,1994-03-26,2019-05-18,Defeated,,
Abel1939,Evans,NSW,No,1975-12-13,1977-11-10,Retired,,
Adams1951,Lyons,TAS,No,1993-03-13,2013-09-07,Defeated,,
Adermann1896,Fisher,QLD,No,1949-12-10,1972-11-02,Retired,,
Adermann1896,Maranoa,QLD,No,1943-08-21,1949-12-10,Until elected for Fisher,1,
Adermann1927,Fairfax,QLD,No,1984-12-01,1990-02-19,Retired,,
Adermann1927,Fisher,QLD,No,1972-12-02,1984-12-01,Until elected for Fairfax,1,
Ahern1871,Indi,VIC,No,1913-05-31,1914-09-05,Defeated,,
Albanese1963,Grayndler,NSW,No,1996-03-02,,,,
Aldred1945,Bruce,VIC,Yes,1983-05-28,1990-03-24,Until elected for Deakin,1,
Aldred1945,Deakin,VIC,No,1990-03-24,1996-01-29,Retired,,
Aldred1945,Henty,VIC,No,1975-12-13,1980-10-18,Defeated,,
Alexander1951,Bennelong,NSW,No,2010-08-21,,,,
Allan1916,Gwydir,NSW,Yes,1953-12-19,1969-04-30,Resigned,,
Allen1966,Higgins,VIC,,2019-05-18,,,,
Aly1967,Cowan,WA,No,2016-07-02,,,,
Anderson1956,Gwydir,NSW,Yes,1989-04-15,2007-10-17,Retired,,
AndersonCharles1897,Hume,NSW,No,1949-12-10,1951-04-28,Defeated,,
AndersonCharles1897,Hume,NSW,No,1955-12-10,1961-12-09,Defeated,,
AndersonGordon1897,Kingsford-Smith,NSW,No,1949-12-10,1955-11-04,Retired,,Same as Kingsford Smith - name was changed in 2001
Andren1946,Calare,NSW,No,1996-03-02,2007-10-17,Retired,,
Andrew1944,Wakefield,SA,No,1983-03-05,2004-08-31,Retired,,
Andrews1900,Darebin,VIC,No,1949-12-10,1955-12-10,Defeated,,
Andrews1955,Menzies,VIC,Yes,1991-05-11,,,,
Andrews1960,McPherson,QLD,No,2010-08-21,,,,
Anstey1865,Bourke,VIC,No,1910-04-13,1934-08-07,Retired,,
Anthony1897,Richmond,NSW,No,1937-10-23,1957-07-12,Died,,
Anthony1929,Richmond,NSW,Yes,1957-09-14,1984-01-18,Resigned,,
Anthony1961,Richmond,NSW,No,1996-03-02,2004-10-09,Defeated,,
Archer1871,Capricornia,QLD,No,1906-12-12,1910-04-13,Defeated,,
Archer1975,Bass,TAS,,2019-05-18,,,,
Archibald1852,Hindmarsh,SA,No,1910-04-13,1919-12-13,Defeated,,
Armitage1920,Chifley,NSW,No,1969-10-25,1983-02-04,Retired,,
Armitage1920,Mitchell,NSW,No,1961-12-09,1963-11-30,Defeated,,
Armstrong1909,Riverina,NSW,Yes,1965-02-27,1969-10-25,Defeated,,
Arthur1875,Bendigo,VIC,No,1913-05-31,1914-12-09,Died,,
Arthur1918,Barton,NSW,No,1966-11-26,1969-10-25,Defeated,,
AshleyBrown1915,Mitchell,NSW,No,1972-12-02,1974-05-18,Defeated,,
Aston1916,Phillip,NSW,No,1955-12-10,1961-12-09,Defeated,,
Aston1916,Phillip,NSW,No,1963-11-30,1972-12-02,Defeated,,
Atkinson1867,Wilmot,TAS,No,1906-12-12,1929-10-12,Defeated,,
Atkinson1948,Isaacs,VIC,No,1990-03-24,1996-03-02,Defeated,,
Badman1885,Grey,SA,No,1937-10-23,1943-08-21,Defeated,,
Bailey1946,McEwen,VIC,No,1990-03-24,1993-03-13,Defeated,,
Bailey1946,McEwen,VIC,No,1996-03-02,2010-07-19,Retired,,
Baillieu1937,La Trobe,VIC,No,1975-12-13,1980-10-18,Defeated,,
Baird1942,Cook,NSW,No,1998-10-03,2007-10-17,Retired,,
Baker1873,Maranoa,QLD,No,1940-09-21,1943-08-21,Defeated,,
Baker1903,Griffith,QLD,No,1934-09-15,1939-03-28,Died,,
Baker1903,Oxley,QLD,No,1931-12-19,1934-09-15,Until elected for Griffith,1,
Baker1958,Braddon,TAS,No,2004-10-09,2007-11-24,Defeated,,
Baldwin1951,Sydney,NSW,No,1983-03-05,1998-08-31,Retired,,
Baldwin1955,Paterson,NSW,No,1996-03-02,1998-10-03,Defeated,,
Baldwin1955,Paterson,NSW,No,2001-11-10,2016-05-09,Retired,,
Bamford1849,Herbert,QLD,No,1901-03-30,1925-10-03,Retired,,
Bandidt1906,Wide Bay,QLD,No,1958-11-22,1961-12-09,Defeated,,
Bandt1972,Melbourne,VIC,No,2010-08-21,,,,
Banks1962,Chisholm,VIC,No,2016-07-02,2019-05-18,,,
Barnard1890,Bass,TAS,No,1934-09-15,1949-12-10,Defeated,,
Barnard1919,Bass,TAS,No,1954-05-29,1975-06-02,Resigned,,
Barnes1901,McPherson,QLD,No,1958-11-22,1972-11-02,Retired,,
Barresi1955,Deakin,VIC,No,1996-03-02,2007-11-24,Defeated,,
Bartlett1949,Macquarie,NSW,No,1996-03-02,2007-11-24,Defeated,,
Barton1849,Hunter,NSW,No,1901-03-29,1903-09-30,Resigned,,
Barwick1903,Parramatta,NSW,Yes,1958-03-08,1964-04-24,Resigned,,
Batchelor1865,Boothby,SA,No,1903-12-16,1911-10-08,Died,,
Batchelor1865,South Australia,SA,No,1901-03-30,1903-12-16,Until elected for Boothby,1,
Bate1906,Macarthur,NSW,No,1949-12-10,1972-12-02,Defeated,,
Baume1930,Macarthur,NSW,No,1975-12-13,1983-03-05,Defeated,,
Bayley1882,Oxley,QLD,No,1917-05-05,1931-12-19,Defeated,,
Beale1898,Parramatta,NSW,No,1946-09-28,1958-02-10,Resigned,,
Beale1934,Bruce,VIC,No,1990-03-24,1996-03-02,Defeated,,
Beale1934,Deakin,VIC,No,1984-12-01,1990-03-24,Until elected for Bruce,1,
Beard1866,Batman,VIC,No,1910-04-13,1910-12-18,Died,,
Beasley1895,West Sydney,NSW,No,1928-11-17,1946-08-14,Resigned,,
Beaton1925,Bendigo,VIC,Yes,1960-07-16,1969-04-09,Resigned,,
Beazley1917,Fremantle,WA,Yes,1945-08-18,1977-11-10,Retired,,
Beazley1948,Brand,WA,No,1996-03-02,2007-10-17,Retired,,
Beazley1948,Swan,WA,No,1980-10-18,1996-03-02,Until elected for Brand,1,
Beck1882,Denison,TAS,No,1940-09-21,1943-08-21,Defeated,,
Beddall1948,Fadden,QLD,No,1983-03-05,1984-12-01,Until elected for Rankin,1,
Beddall1948,Rankin,QLD,No,1984-12-01,1998-08-31,Retired,,
Bell,Moncrieff,QLD,,2019-05-18,,,,
Bell1872,Darwin,TAS,No,1919-12-13,1922-12-16,Defeated,,Name of Darwin electorate changed to Braddon by resolution of Parliament following the redistribution of electoral boundaries 1955.
Bell1872,Darwin,TAS,No,1925-11-14,1943-07-07,Retired,,Name of Darwin electorate changed to Braddon by resolution of Parliament following the redistribution of electoral boundaries 1955.
Bennett1872,Werriwa,NSW,Yes,1912-06-01,1913-04-23,Retired,,
Bennett1874,Gippsland,VIC,No,1913-05-31,1914-09-05,Defeated,,
Bennett1933,Swan,WA,No,1969-10-25,1975-12-13,Defeated,,
Benson1909,Batman,VIC,Yes,1962-09-01,1969-09-29,Retired,,
Berinson1932,Perth,WA,No,1969-10-25,1975-12-13,Defeated,,
Berry1907,Griffith,QLD,No,1949-12-10,1954-05-29,Defeated,,
Best1856,Kooyong,VIC,Yes,1910-08-24,1922-12-16,Defeated,,
Bevis1955,Brisbane,QLD,No,1990-03-24,2010-08-21,Defeated,,
Bidgood1959,Dawson,QLD,No,2007-11-24,2010-07-19,Retired,,
Billson1966,Dunkley,VIC,No,1996-03-02,2016-05-09,Retired,,
Bilney1939,Kingston,SA,No,1983-03-05,1996-03-02,Defeated,,
Bird1906,Batman,VIC,No,1949-12-10,1962-07-21,Died,,
Bird1962,Cunningham,NSW,No,2004-10-09,,,,
Birney1928,Phillip,NSW,No,1975-12-13,1983-03-05,Defeated,,
Birrell1913,Port Adelaide,SA,No,1963-11-30,1974-04-11,Retired,,
Bishop1942,Mackellar,NSW,Yes,1994-03-26,2016-05-09,Retired,,
Bishop1956,Curtin,WA,No,1998-10-03,2019-05-18,Retired,,Announced retirement 21 February 2019.
Blackburn1880,Bourke,VIC,No,1934-09-15,1943-08-21,Defeated,,
Blackburn1889,Bourke,VIC,No,1946-09-28,1949-12-10,Defeated,,
Blacklow1879,Franklin,TAS,No,1931-12-19,1934-09-15,Defeated,,
Blackwood1861,Riverina,NSW,No,1903-12-16,1904-04-13,Voided,,
Blain1894,Northern Territory,NT,No,1934-09-15,1949-12-10,Defeated,,
Blakeley1886,Darling,NSW,No,1917-05-05,1934-09-15,Defeated,,
Blanchard1929,Moore,WA,No,1983-03-05,1990-03-24,Defeated,,
Bland1882,Warringah,NSW,No,1951-04-28,1961-11-02,Retired,,
Blewett1933,Bonython,SA,No,1977-12-10,1994-02-11,Resigned,,
Blundell1871,Adelaide,SA,No,1919-12-13,1922-12-16,Defeated,,
Blunt1951,Richmond,NSW,Yes,1984-02-18,1990-03-24,Defeated,,
Bonnett1916,Herbert,QLD,No,1966-11-26,1977-11-10,Retired,,
Bonython1848,Barker,SA,No,1903-12-16,1906-11-05,Retired,,
Bonython1848,South Australia,SA,No,1901-03-30,1903-12-16,Until elected for Barker,1,
Bosman1924,St George,NSW,No,1963-11-30,1969-10-25,Defeated,,
Bostock1892,Indi,VIC,No,1949-12-10,1958-11-22,Defeated,,
Bourchier1929,Bendigo,VIC,No,1972-12-02,1983-03-05,Defeated,,
Bourke1913,Fawkner,VIC,No,1949-12-10,1955-12-10,Defeated,,
Bowden1871,Nepean,NSW,No,1906-12-12,1910-04-13,Defeated,,
Bowden1871,Nepean,NSW,No,1919-12-13,1922-12-16,Until elected for Parramatta,1,
Bowden1871,Parramatta,NSW,No,1922-12-16,1929-10-12,Defeated,,
Bowden1888,Gippsland,VIC,No,1943-08-21,1961-11-02,Retired,,
Bowen1911,Parramatta,NSW,Yes,1964-06-20,1973-07-11,Resigned,,
Bowen1922,Kingsford-Smith,NSW,No,1969-10-25,1990-02-19,Retired,,Same as Kingsford Smith - name was changed in 2001
Bowen1973,McMahon,NSW,No,2010-08-21,,,,
Bowen1973,Prospect,NSW,No,2004-10-09,2010-08-21,Until elected for McMahon,1,
Boyd1867,Henty,VIC,No,1913-05-31,1919-12-13,Defeated,,
Bradbury1976,Lindsay,NSW,No,2007-11-24,2013-09-07,Defeated,,
Braddon1829,Tasmania,TAS,No,1901-03-29,1903-12-16,Until elected for Wilmot,1,
Braddon1829,Wilmot,TAS,No,1903-12-16,1904-02-02,Died,,
Bradfield1933,Barton,NSW,No,1975-12-13,1983-03-05,Defeated,,
Bradford1946,McPherson,QLD,No,1990-03-24,1998-10-03,Defeated,,
Braithwaite1933,Dawson,QLD,No,1975-12-13,1996-01-29,Retired,,
Brand1888,Wide Bay,QLD,No,1954-05-29,1958-10-14,Retired,,
Breen1898,Calare,NSW,No,1940-09-21,1946-09-28,Defeated,,
Brennan1873,Batman,VIC,Yes,1911-02-08,1931-12-19,Defeated,,
Brennan1873,Batman,VIC,No,1934-09-15,1949-10-31,Retired,,
Brereton1946,Kingsford-Smith,NSW,No,1990-03-24,2004-08-31,Retired,,Same as Kingsford Smith - name was changed in 2001
BridgesMaxwell1929,Robertson,NSW,Yes,1964-12-05,1969-10-25,Defeated,,
Briggs1977,Mayo,SA,Yes,2008-09-06,2016-07-02,Defeated,,
Brimblecombe1898,Maranoa,QLD,No,1951-04-28,1966-10-31,Retired,,
Broad1975,Mallee,VIC,No,2013-09-07,2019-04-11,Retired,,Announced retirement 18 December 2018.
Broadbent1950,Corinella,VIC,No,1990-03-24,1993-03-13,Defeated,,
Broadbent1950,McMillan,VIC,No,1996-03-02,1998-10-03,Defeated,,
Broadbent1950,McMillan,VIC,No,2004-10-09,,,,
Brodtmann1963,Canberra,ACT,No,2010-08-21,2019-04-11,Retired,,Retirement announced 13 August 2018
Brough1961,Fisher,QLD,No,2013-09-07,2016-05-09,Retired,,
Brough1961,Longman,QLD,No,1996-03-02,2007-11-24,Defeated,,
Brown1843,Indi,VIC,No,1906-12-12,1910-04-13,Defeated,,
Brown1861,Calare,NSW,No,1906-12-12,1913-05-31,Defeated,,
Brown1861,Canobolas,NSW,No,1901-03-29,1906-12-12,Until elected for Calare,1,
Brown1894,McMillan,VIC,No,1949-12-10,1955-10-14,Died,,
Brown1931,Parramatta,NSW,No,1977-12-10,1990-02-19,Retired,,
Brown1933,Charlton,NSW,No,1984-12-01,1998-08-31,Retired,,
Brown1933,Hunter,NSW,No,1980-10-18,1984-12-01,Until elected for Charlton,1,
Brown1940,Diamond Valley,VIC,No,1969-10-25,1972-12-02,Defeated,,
Brown1940,Diamond Valley,VIC,No,1975-12-13,1983-03-05,Defeated,,
Brown1940,Menzies,VIC,No,1984-12-01,1991-02-25,Resigned,,
Brownbill1914,Kingston,SA,No,1966-11-26,1969-10-25,Defeated,,
Browne1924,Kalgoorlie,WA,No,1958-11-22,1961-12-09,Defeated,,
Bruce1883,Flinders,VIC,Yes,1918-05-11,1929-10-12,Defeated,,
Bruce1883,Flinders,VIC,No,1931-12-19,1933-10-06,Resigned,,
Bruce1884,Leichhardt,QLD,No,1951-04-28,1958-10-11,Died,,
Brumby1953,Bendigo,VIC,No,1983-03-05,1990-03-24,Defeated,,
Bryant1914,Wills,VIC,No,1955-12-10,1980-09-19,Retired,,
Bryson1898,Bourke,VIC,No,1943-08-21,1946-09-28,Defeated,,
Bryson1898,Wills,VIC,No,1949-12-10,1955-12-10,Defeated,,
Buchanan1905,McMillan,VIC,No,1955-12-10,1972-12-02,Defeated,,
Buchholz1968,Wright,QLD,No,2010-08-21,,,,
Bungey1934,Canning,WA,No,1974-05-18,1983-03-05,Defeated,,
Burchell1883,Fremantle,WA,No,1913-05-31,1922-11-06,Retired,,
Burke1910,Perth,WA,No,1943-08-21,1955-12-10,Defeated,,
Burke1966,Chisholm,VIC,No,1998-10-03,2016-05-09,Retired,,
Burke1969,Watson,NSW,No,2004-10-09,,,,
Burney1957,Barton,NSW,No,2016-07-02,,,,
Burns1869,Illawarra,NSW,No,1913-05-31,1917-05-05,Defeated,,
Burns1933,Isaacs,VIC,No,1977-12-10,1980-10-18,Defeated,,
Burns1987,Macnamara,VIC,,2019-05-18,,,,
Burr1939,Lyons,TAS,No,1984-12-01,1993-02-08,Retired,,
Burr1939,Wilmot,TAS,No,1975-12-13,1984-12-01,Until elected for Lyons,1,
Bury1913,Wentworth,NSW,Yes,1956-12-08,1974-04-11,Retired,,
Butler1970,Hindmarsh,SA,No,2019-05-18,,,,
Butler1970,Port Adelaide,SA,No,2007-11-24,2019-04-11,Until elected for Hindmarsh,1,
Butler1977,Griffith,QLD,Yes,2014-02-08,,,,
Byrne1962,Holt,VIC,Yes,1999-11-06,,,,
Cadman1937,Mitchell,NSW,No,1974-05-18,2007-10-17,Retired,,
Cairns1914,Lalor,VIC,No,1969-10-25,1977-11-10,Retired,,
Cairns1914,Yarra,VIC,No,1955-12-10,1969-10-25,Until elected for Lalor,1,
Cairns1929,Lilley,QLD,No,1963-11-30,1972-12-02,Defeated,,
Cairns1929,Lilley,QLD,No,1974-05-18,1980-10-18,Defeated,,
Calder1916,Northern Territory,NT,No,1966-11-26,1980-09-19,Retired,,
Calwell1896,Melbourne,VIC,No,1940-09-21,1972-11-02,Retired,,
Cameron1851,Tasmania,TAS,No,1901-03-29,1903-12-16,Defeated,,
Cameron1851,Wilmot,TAS,Yes,1904-02-26,1906-12-12,Defeated,,
Cameron1873,Barker,SA,No,1922-12-16,1934-08-07,Retired,,
Cameron1879,Brisbane,QLD,No,1919-12-13,1931-12-19,Defeated,,
Cameron1895,Barker,SA,No,1934-09-15,1956-08-09,Died,,
Cameron1900,Oxley,QLD,No,1949-12-10,1961-12-09,Defeated,,
Cameron1913,Hindmarsh,SA,No,1949-12-10,1980-09-19,Retired,,
Cameron1917,Lilley,QLD,No,1961-12-09,1963-11-30,Defeated,,
Cameron1930,Indi,VIC,No,1977-12-10,1993-02-08,Retired,,
Cameron1938,Maranoa,QLD,No,1980-10-18,1990-02-19,Retired,,
Cameron1940,Fadden,QLD,No,1977-12-10,1983-03-05,Defeated,,
Cameron1940,Griffith,QLD,No,1966-11-26,1977-12-10,Until elected for Fadden,1,
Cameron1940,Moreton,QLD,Yes,1983-11-05,1990-03-24,Defeated,,
Cameron1965,Parramatta,NSW,No,1996-03-02,2004-10-09,Defeated,,
CameronEoin1951,Stirling,WA,No,1993-03-13,1998-10-03,Defeated,,
Campbell1939,Kalgoorlie,WA,No,1980-10-18,1998-10-03,Defeated,,
Campbell1972,Bass,TAS,No,2007-11-24,2010-07-19,Retired,,
Cann1871,Nepean,NSW,No,1910-04-13,1913-05-31,Defeated,,
Carige1938,Capricornia,QLD,No,1975-12-13,1977-12-10,Defeated,,
Carlton1935,Mackellar,NSW,No,1977-12-10,1994-01-14,Resigned,,
Carpenter1863,Fremantle,WA,No,1903-12-16,1906-12-12,Defeated,,
Carr1875,Macquarie,NSW,No,1906-12-12,1917-05-05,Defeated,,
Casey1890,Corio,VIC,No,1931-12-19,1940-01-30,Resigned,,
Casey1890,La Trobe,VIC,No,1949-12-10,1960-02-10,Resigned,,
Cash1919,Stirling,WA,No,1958-11-22,1961-12-09,Defeated,,
Cass1927,Maribyrnong,VIC,No,1969-10-25,1983-02-04,Retired,,
Catley1942,Adelaide,SA,No,1990-03-24,1993-03-13,Defeated,,
Catts1877,Cook,NSW,No,1906-12-12,1922-12-16,Defeated,,
Causley1940,Page,NSW,No,1996-03-02,2007-10-17,Retired,,
Chalmers1978,Rankin,QLD,No,2013-09-07,,,,
Chambers1897,Adelaide,SA,No,1943-08-21,1958-10-14,Retired,,
Champion1972,Wakefield,SA,No,2007-11-24,,,,
Chaney1914,Perth,WA,No,1955-12-10,1969-10-25,Defeated,,
Chaney1941,Pearce,WA,No,1990-03-24,1993-02-08,Retired,,
Chanter1845,Riverina,NSW,No,1901-03-29,1903-12-16,Defeated,,
Chanter1845,Riverina,NSW,Yes,1904-05-18,1913-05-31,Defeated,,
Chanter1845,Riverina,NSW,No,1914-09-05,1922-12-16,Defeated,,
Chapman1864,Eden-Monaro,NSW,No,1901-03-29,1926-01-12,Died,,
Chapman1949,Kingston,SA,No,1975-12-13,1983-03-05,Defeated,,
Charles1936,La Trobe,VIC,No,1990-03-24,2004-08-31,Retired,,
Charles1948,Isaacs,VIC,No,1980-10-18,1990-02-19,Retired,,
Charlesworth1952,Perth,WA,No,1983-03-05,1993-02-08,Retired,,
Charlton1866,Hunter,NSW,No,1910-04-13,1928-10-09,Retired,,
Cheeseman1976,Corangamite,VIC,No,2007-11-24,2013-09-07,Defeated,,
Chester1967,Gippsland,VIC,Yes,2008-06-28,,,,
Chesters1980,Bendigo,VIC,No,2013-09-07,,,,
Chifley1885,Macquarie,NSW,No,1928-11-17,1931-12-19,Defeated,,
Chifley1885,Macquarie,NSW,No,1940-09-21,1951-06-13,Died,,
Child1921,Henty,VIC,No,1974-05-18,1975-12-13,Defeated,,
Child1921,Henty,VIC,No,1980-10-18,1990-02-19,Retired,,
Chipp1925,Higinbotham,VIC,Yes,1960-12-10,1969-10-25,Until elected for Hotham,1,
Chipp1925,Hotham,VIC,No,1969-10-25,1977-11-10,Retired,,
Chresby1908,Griffith,QLD,No,1958-11-22,1961-12-09,Defeated,,
Christensen1978,Dawson,QLD,No,2010-08-21,,,,
Chynoweth1941,Dunkley,VIC,No,1984-12-01,1990-03-24,Defeated,,
Chynoweth1941,Dunkley,VIC,No,1993-03-13,1996-03-02,Defeated,,
Chynoweth1941,Flinders,VIC,No,1983-03-05,1984-12-01,Until elected for Dunkley,1,
Ciobo1974,Moncrieff,QLD,No,2001-11-10,2019-04-11,,,Announced retirement 1 March 2019.
Clare1972,Blaxland,NSW,No,2007-11-24,,,,
Clarey1890,Bendigo,VIC,No,1949-12-10,1960-05-17,Died,,
Clark1897,Darling,NSW,No,1934-09-15,1969-09-29,Retired,,
Clarke1857,Cowper,NSW,No,1901-03-29,1903-12-16,Defeated,,
Clasby1891,East Sydney,NSW,No,1931-12-19,1932-01-15,Died,,
Clay1900,St George,NSW,No,1958-11-22,1963-11-30,Defeated,,
Claydon1964,Newcastle,NSW,No,2013-09-07,,,,
Clayton1942,Isaacs,VIC,No,1974-05-18,1975-12-13,Defeated,,
Cleary1952,Wills,VIC,Yes,1992-04-11,1992-11-25,Voided,,
Cleary1952,Wills,VIC,No,1993-03-13,1996-03-02,Defeated,,
Cleaver1917,Swan,WA,No,1955-12-10,1969-10-25,Defeated,,
Cleeland1938,McEwen,VIC,No,1984-12-01,1990-03-24,Defeated,,
Cleeland1938,McEwen,VIC,No,1993-03-13,1996-03-02,Defeated,,
Coates1944,Denison,TAS,No,1972-12-02,1975-12-13,Defeated,,
Cobb1945,Parkes,NSW,No,1984-12-01,1998-08-31,Retired,,
Cobb1950,Calare,NSW,No,2007-11-24,2016-05-09,Retired,,
Cobb1950,Parkes,NSW,No,2001-11-10,2007-11-24,Until elected for Calare,1,
Cockle1908,Warringah,NSW,No,1961-12-09,1966-08-03,Died,,
Cohen1935,Robertson,NSW,No,1969-10-25,1990-02-19,Retired,,
Coker,Corangamite,VIC,,2019-05-18,,,,
Coleman1892,Reid,NSW,No,1922-12-16,1931-12-19,Defeated,,
Coleman1928,Wentworth,NSW,Yes,1981-04-11,1987-06-05,Retired,,
Coleman1974,Banks,NSW,No,2013-09-07,,,,
Coles1892,Henty,VIC,No,1940-09-21,1946-02-11,Resigned,,
Collard1912,Kalgoorlie,WA,No,1961-12-09,1975-12-13,Defeated,,
Collins1878,Wakefield,SA,No,1928-11-17,1929-10-12,Defeated,,
Collins1886,Hume,NSW,No,1931-12-19,1943-08-21,Defeated,,
Collins1971,Franklin,TAS,No,2007-11-24,,,,
Comber1919,Bowman,QLD,No,1961-12-09,1963-11-30,Defeated,,
Combet1958,Charlton,NSW,No,2007-11-24,2013-08-05,Retired,,
Conaghan,Cowper,NSW,,2019-05-18,,,,
Conelan1895,Griffith,QLD,Yes,1939-05-20,1949-12-10,Defeated,,
Connelly,Stirling,WA,,2019-05-18,,,,
Connolly1939,Bradfield,NSW,No,1974-05-18,1996-01-29,Retired,,
Connor1907,Cunningham,NSW,No,1963-11-30,1977-08-22,Died,,
Conquest1930,Hinkler,QLD,No,1984-12-01,1987-07-11,Defeated,,
Conroy1864,Werriwa,NSW,No,1901-03-29,1906-12-12,Defeated,,
Conroy1864,Werriwa,NSW,No,1913-05-31,1914-09-05,Defeated,,
Conroy1979,Charlton,NSW,No,2013-09-07,2016-07-02,Until elected for Shortland,1,
Conroy1979,Shortland,NSW,No,2016-07-02,,,,
Considine1885,Barrier,NSW,No,1917-05-05,1922-12-16,Defeated,,
Cook1860,Parramatta,NSW,No,1901-03-29,1921-11-11,Resigned,,
Cook1866,Bourke,VIC,No,1901-03-29,1910-04-13,Defeated,,
Cook1868,Indi,VIC,No,1919-12-13,1928-10-09,Retired,,
Cooke1847,Wannon,VIC,No,1901-03-29,1903-11-23,Retired,,
Cooke1938,Petrie,QLD,No,1972-12-02,1974-04-11,Retired,,
Coon1869,Batman,VIC,No,1906-12-12,1910-04-13,Defeated,,
Cope1907,Cook,NSW,Yes,1955-05-21,1955-12-10,Until elected for Watson,1,
Cope1907,Sydney,NSW,No,1969-10-25,1975-11-11,Retired,,
Cope1907,Watson,NSW,No,1955-12-10,1969-10-25,Until elected for Sydney,1,
Corbett1906,Maranoa,QLD,No,1966-11-26,1980-09-19,Retired,,
Corboy1896,Swan,WA,Yes,1918-10-26,1919-12-13,Defeated,,
Corcoran1951,Isaacs,VIC,Yes,2000-08-12,2007-10-17,Retired,,
Corser1852,Wide Bay,QLD,Yes,1915-12-11,1928-07-31,Died,,
Corser1882,Wide Bay,QLD,Yes,1928-09-03,1954-04-21,Retired,,
Costa1900,Banks,NSW,No,1949-12-10,1969-09-29,Retired,,
Costello1957,Higgins,VIC,No,1990-03-24,2009-10-19,Resigned,,
Cotter1935,Kalgoorlie,WA,No,1975-12-13,1980-10-18,Defeated,,
Coulton1958,Parkes,NSW,No,2007-11-24,,,,
Courtice1950,Hinkler,QLD,No,1987-07-11,1993-03-13,Defeated,,
Courtnay1903,Darebin,VIC,No,1958-11-22,1969-09-29,Retired,,
Coutts1908,Griffith,QLD,No,1954-05-29,1958-11-22,Defeated,,
Coutts1908,Griffith,QLD,No,1961-12-09,1966-11-26,Defeated,,
Cowan1926,Lyne,NSW,No,1980-10-18,1993-02-08,Retired,,
Cox1954,Kingston,SA,No,1998-10-03,2004-10-09,Defeated,,
Cramer1897,Bennelong,NSW,No,1949-12-10,1974-04-11,Retired,,
Crawford1947,Forde,QLD,No,1987-07-11,1996-03-02,Defeated,,
Crean1916,Melbourne Ports,VIC,No,1951-04-28,1977-11-10,Retired,,
Crean1949,Hotham,VIC,No,1990-03-24,2013-08-05,Retired,,
Cremean1907,Hoddle,VIC,No,1949-12-10,1955-12-10,Defeated,,
Crewther1983,Dunkley,VIC,No,2016-07-02,2019-05-18,Defeated,,
Crook1959,O'Connor,WA,No,2010-08-21,2013-08-05,Retired,,
Crosio1939,Prospect,NSW,No,1990-03-24,2004-08-31,Retired,,
Cross1929,Brisbane,QLD,No,1961-12-09,1975-12-13,Defeated,,
Cross1929,Brisbane,QLD,No,1980-10-18,1990-02-19,Retired,,
Crouch1868,Corangamite,VIC,No,1929-10-12,1931-12-19,Defeated,,
Crouch1868,Corio,VIC,No,1901-03-29,1910-04-13,Defeated,,
Cruickshank1853,Gwydir,NSW,No,1901-03-29,1903-11-23,Retired,,
Culley1877,Denison,TAS,No,1928-11-17,1931-12-19,Defeated,,
Culpin1846,Brisbane,QLD,No,1903-12-16,1906-12-12,Defeated,,
Cunningham1889,Gwydir,NSW,No,1919-12-13,1925-11-14,Defeated,,
Cunningham1889,Gwydir,NSW,No,1929-10-12,1931-12-19,Defeated,,
Cunningham1939,McMillan,VIC,No,1980-10-18,1990-03-24,Defeated,,
Cunningham1939,McMillan,VIC,No,1993-03-13,1996-03-02,Defeated,,
Curtin1885,Fremantle,WA,No,1928-11-17,1931-12-19,Defeated,,
Curtin1885,Fremantle,WA,No,1934-09-15,1945-07-05,Died,,
Curtin1898,Kingsford-Smith,NSW,No,1955-12-10,1969-09-29,Retired,,Same as Kingsford Smith - name was changed in 2001
Curtin1898,Watson,NSW,No,1949-12-10,1955-12-10,Until elected for Kingsford-Smith,1,
Cusack1868,Eden-Monaro,NSW,No,1929-10-12,1931-12-19,Defeated,,
Daly1912,Grayndler,NSW,No,1949-12-10,1975-11-11,Retired,,
Daly1912,Martin,NSW,No,1943-08-21,1949-12-10,Until elected for Grayndler,1,
Danby1955,Melbourne Ports,VIC,No,1998-10-03,2019-04-11,Retired,,Announced retirement 5 July 2018.
Dankel1864,Boothby,SA,No,1913-05-31,1917-03-26,Retired,,
Dargavel1966,Fraser,ACT,Yes,1997-02-01,1998-08-31,Retired,,
Darling1936,Lilley,QLD,No,1980-10-18,1993-02-08,Retired,,
DAth1970,Petrie,QLD,No,2007-11-24,2013-09-07,Defeated,,
Davidson1897,Capricornia,QLD,No,1946-09-28,1949-12-10,Until elected for Dawson,1,
Davidson1897,Dawson,QLD,No,1949-12-10,1963-11-01,Retired,,
Davies1884,Cunningham,NSW,No,1949-12-10,1956-02-17,Died,,
Davies1919,Braddon,TAS,No,1958-11-22,1975-12-13,Defeated,,
Davis1900,Deakin,VIC,No,1949-12-10,1966-10-31,Retired,,
Dawkins1947,Fremantle,WA,No,1977-12-10,1994-02-04,Resigned,,
Dawkins1947,Tangney,WA,No,1974-05-18,1975-12-13,Defeated,,
Deahm1938,Macquarie,NSW,No,1993-03-13,1996-03-02,Defeated,,
Deakin1856,Ballaarat,VIC,No,1901-03-29,1913-04-23,Retired,,
Dean1913,Robertson,NSW,No,1949-12-10,1964-09-30,Resigned,,
Dean1942,Herbert,QLD,No,1977-12-10,1983-03-05,Defeated,,
Debus1943,Macquarie,NSW,No,2007-11-24,2010-07-19,Retired,,
Dedman1896,Corio,VIC,Yes,1940-03-02,1949-12-10,Defeated,,
Dein1889,Lang,NSW,No,1931-12-19,1934-08-07,Retired,,
Dennis1870,Batman,VIC,No,1931-12-19,1934-09-15,Defeated,,
Devine1923,East Sydney,NSW,Yes,1963-09-28,1969-09-29,Retired,,
Dick1972,Oxley,QLD,No,2016-07-02,,,,
Dobie1927,Cook,NSW,No,1969-10-25,1972-12-02,Defeated,,
Dobie1927,Cook,NSW,No,1975-12-13,1996-01-29,Retired,,
Dobie1927,Hughes,NSW,No,1966-11-26,1969-10-25,Until elected for Cook,1,
Dodd1953,Leichhardt,QLD,No,1993-03-13,1996-03-02,Defeated,,
Dondas1939,Northern Territory,NT,No,1996-03-02,1998-10-03,Defeated,,
Downer1910,Angas,SA,No,1949-12-10,1964-04-23,Resigned,,
Downer1951,Mayo,SA,No,1984-12-01,2008-07-14,Resigned,,
Doyle1922,Lilley,QLD,No,1972-12-02,1974-05-18,Defeated,,
Drakeford1878,Maribyrnong,VIC,No,1934-09-15,1955-12-10,Defeated,,
Draper1959,Makin,SA,No,1996-03-02,2007-10-17,Retired,,
Dreyfus1956,Isaacs,VIC,No,2007-11-24,,,,
Drum1960,Murray,VIC,No,2016-07-02,,,,
Drummond1890,New England,NSW,No,1949-12-10,1963-11-01,Retired,,
Drummond1931,Forrest,WA,No,1972-12-02,1987-06-05,Retired,,
Drury1911,Ryan,QLD,No,1949-12-10,1975-11-11,Retired,,
Dubois1940,St George,NSW,No,1984-12-01,1993-02-08,Retired,,
Duffy1938,Holt,VIC,No,1980-10-18,1996-01-29,Retired,,
Duncan1945,Makin,SA,No,1984-12-01,1996-03-02,Defeated,,
DuncanHughes1882,Boothby,SA,No,1922-12-16,1928-11-17,Defeated,,
DuncanHughes1882,Wakefield,SA,No,1940-09-21,1943-08-21,Defeated,,
Duthie1912,Wilmot,TAS,No,1946-09-28,1975-12-13,Defeated,,
Dutton1970,Dickson,QLD,No,2001-11-10,,,,
Easson1955,Lowe,NSW,No,1993-03-13,1996-03-02,Defeated,,
Edmonds1903,Herbert,QLD,No,1946-09-28,1958-11-22,Defeated,,
Edwards1842,Oxley,QLD,No,1901-03-30,1913-04-23,Retired,,
Edwards1855,North Sydney,NSW,No,1910-04-13,1911-02-04,Died,,
Edwards1855,South Sydney,NSW,No,1901-03-29,1906-11-05,Retired,,
Edwards1927,Berowra,NSW,No,1972-12-02,1993-02-08,Retired,,
Edwards1945,Stirling,WA,No,1983-03-05,1993-03-13,Defeated,,
Edwards1946,Cowan,WA,No,1998-10-03,2007-10-17,Retired,,
Eggins1898,Lyne,NSW,No,1949-12-10,1952-01-28,Died,,
Einfeld1909,Phillip,NSW,No,1961-12-09,1963-11-30,Defeated,,
Eldridge1872,Martin,NSW,No,1929-10-12,1931-12-19,Defeated,,
Ellicott1927,Wentworth,NSW,No,1974-05-18,1981-02-17,Resigned,,
Elliot1967,Richmond,NSW,No,2004-10-09,,,,
Elliott1954,Parramatta,NSW,No,1990-03-24,1996-03-02,Defeated,,
Ellis1946,Canberra,ACT,No,1998-10-03,2010-07-19,Retired,,
Ellis1946,Namadgi,ACT,No,1996-03-02,1998-10-03,Until elected for Canberra,1,
Ellis1977,Adelaide,SA,No,2004-10-09,2019-04-11,Retired,,Announced retirement 9 March 2017.
Elson1947,Forde,QLD,No,1996-03-02,2007-10-17,Retired,,
Emerson1954,Rankin,QLD,No,1998-10-03,2013-08-05,Retired,,
Enderby1926,Australian Capital Territory,ACT,Yes,1970-05-30,1974-05-18,Until elected for Canberra,1,
Enderby1926,Canberra,ACT,No,1974-05-18,1975-12-13,Defeated,,
England1911,Calare,NSW,Yes,1960-11-05,1975-11-11,Retired,,
Entsch1950,Leichhardt,QLD,No,1996-03-02,2007-10-17,Retired,,
Entsch1950,Leichhardt,QLD,No,2010-08-21,,,,
Erwin1917,Ballaarat,VIC,No,1955-12-10,1975-11-11,Retired,,
Evans1944,Holt,VIC,No,1996-03-02,1999-09-30,Resigned,,
Evans1981,Brisbane,QLD,No,2016-07-02,,,,
EvansMartyn1953,Bonython,SA,Yes,1994-03-19,2004-10-09,Defeated,,
EvansRichard1953,Cowan,WA,No,1993-03-13,1998-10-03,Defeated,,
Evatt1894,Barton,NSW,No,1940-09-21,1958-11-22,Until elected for Hunter,1,
Evatt1894,Hunter,NSW,No,1958-11-22,1960-02-10,Resigned,,
Everingham1923,Capricornia,QLD,Yes,1967-09-30,1975-12-13,Defeated,,
Everingham1923,Capricornia,QLD,No,1977-12-10,1984-10-26,Retired,,
Everingham1943,Northern Territory,NT,No,1984-12-01,1987-06-05,Retired,,
Ewert1918,Flinders,VIC,Yes,1952-10-18,1954-05-29,Defeated,,
Ewing1856,Richmond,NSW,No,1901-03-29,1910-02-19,Retired,,
Fadden1894,Darling Downs,QLD,Yes,1936-12-19,1949-12-10,Until elected for McPherson,1,
Fadden1894,McPherson,QLD,No,1949-12-10,1958-10-14,Retired,,
Fahey1945,Macarthur,NSW,No,1996-03-02,2001-10-08,Retired,,
Failes1899,Lawson,NSW,No,1949-12-10,1969-09-29,Retired,,
Fairbairn1855,Fawkner,VIC,No,1906-12-12,1913-05-31,Defeated,,
Fairbairn1897,Flinders,VIC,Yes,1933-11-11,1940-08-13,Died,,
Fairbairn1917,Farrer,NSW,No,1949-12-10,1975-11-11,Retired,,
Fairhall1909,Paterson,NSW,No,1949-12-10,1969-09-29,Retired,,
Falconer1943,Casey,VIC,No,1975-12-13,1983-03-05,Defeated,,
Falinski1970,Mackellar,NSW,No,2016-07-02,,,,
Falkinder1921,Franklin,TAS,No,1946-09-28,1966-10-31,Retired,,
Falkiner1867,Hume,NSW,No,1917-05-05,1919-11-03,Retired,,
Falkiner1867,Riverina,NSW,No,1913-05-31,1914-09-05,Defeated,,
Falstein1914,Watson,NSW,No,1940-09-21,1949-12-10,Defeated,,
Farmer1962,Macarthur,NSW,No,2001-11-10,2010-07-19,Retired,,
Fatin1941,Brand,WA,No,1984-12-01,1996-01-29,Retired,,
Fatin1941,Canning,WA,No,1983-03-05,1984-12-01,Until elected for Brand,1,
Fawcett1963,Wakefield,SA,No,2004-10-09,2007-11-24,Defeated,,
Feeney1970,Batman,VIC,No,2013-09-07,2018-02-01,Resigned,,
Fenton1864,Maribyrnong,VIC,No,1910-04-13,1934-09-15,Defeated,,
Ferguson1952,Reid,NSW,No,1990-03-24,2010-08-21,Until elected for Werriwa,1,
Ferguson1952,Werriwa,NSW,No,2010-08-21,2016-05-09,Retired,,
Ferguson1953,Batman,VIC,No,1996-03-02,2013-08-05,Retired,,
Ferguson1974,Bass,TAS,No,2004-10-09,2007-11-24,Defeated,,
Fife1929,Farrer,NSW,No,1975-12-13,1984-12-01,Until elected for Hume,1,
Fife1929,Hume,NSW,No,1984-12-01,1993-02-08,Retired,,
Filing1955,Moore,WA,No,1990-03-24,1998-10-03,Defeated,,
Finlayson1867,Brisbane,QLD,No,1910-04-13,1919-12-13,Defeated,,
Fischer1946,Farrer,NSW,No,1984-12-01,2001-10-08,Retired,,
Fisher1862,Wide Bay,QLD,No,1901-03-30,1915-10-26,Resigned,,
Fisher1936,Mallee,VIC,No,1972-12-02,1993-02-08,Retired,,
Fisken1897,Ballaarat,VIC,No,1934-09-15,1937-09-21,Retired,,
Fitzgerald1910,Phillip,NSW,No,1949-12-10,1955-12-10,Defeated,,
Fitzgibbon1936,Hunter,NSW,No,1984-12-01,1996-01-29,Retired,,
Fitzgibbon1962,Hunter,NSW,No,1996-03-02,,,,
FitzPatrick1915,Darling,NSW,No,1969-10-25,1977-12-10,Until elected for Riverina,1,
FitzPatrick1915,Riverina,NSW,No,1977-12-10,1980-09-19,Retired,,
Fleming1874,Robertson,NSW,No,1913-05-31,1922-12-16,Defeated,,
Fletcher1965,Bradfield,NSW,Yes,2009-12-05,,,,
Flint1978,Boothby,SA,No,2016-07-02,,,,
Foley1872,Kalgoorlie,WA,Yes,1920-12-18,1922-12-16,Defeated,,
Forbes1923,Barker,SA,Yes,1956-10-13,1975-11-11,Retired,,
Ford1936,Dunkley,VIC,No,1990-03-24,1993-03-13,Defeated,,
Forde1890,Capricornia,QLD,No,1922-12-16,1946-09-28,Defeated,,
Forrest1847,Swan,WA,No,1901-03-29,1918-09-02,Died,,
Forrest1949,Mallee,VIC,No,1993-03-13,2013-08-05,Retired,,
Foster1856,Wakefield,SA,Yes,1909-08-28,1928-11-17,Defeated,,
Foster1872,New England,NSW,No,1906-12-12,1913-05-31,Defeated,,
Foster1921,Sturt,SA,No,1969-10-25,1972-12-02,Defeated,,
Fowler1865,Perth,WA,No,1901-03-29,1922-12-16,Defeated,,
Fox1912,Henty,VIC,No,1955-12-10,1974-05-18,Defeated,,
Foxton1849,Brisbane,QLD,No,1906-12-12,1910-04-13,Defeated,,
Francis1873,Kennedy,QLD,No,1925-11-14,1929-10-12,Defeated,,
Francis1881,Henty,VIC,No,1919-12-13,1925-10-03,Retired,,
Francis1890,Moreton,QLD,No,1922-12-16,1955-11-04,Retired,,
Fraser1902,Eden-Monaro,NSW,No,1943-08-21,1966-11-26,Defeated,,
Fraser1902,Eden-Monaro,NSW,No,1969-10-25,1972-11-02,Retired,,
Fraser1908,Australian Capital Territory,ACT,No,1951-04-28,1970-04-01,Died,,
Fraser1930,Wannon,VIC,No,1955-12-10,1983-03-31,Resigned,,
Frazer1880,Kalgoorlie,WA,No,1903-12-16,1913-11-25,Died,,
Free1943,Lindsay,NSW,No,1984-12-01,1996-03-02,Defeated,,
Free1943,Macquarie,NSW,No,1980-10-18,1984-12-01,Until elected for Lindsay,1,
Freelander1953,Macarthur,NSW,No,2016-07-02,,,,
Freeth1914,Forrest,WA,No,1949-12-10,1969-10-25,Defeated,,
Frost1882,Franklin,TAS,Yes,1929-12-14,1931-12-19,Defeated,,
Frost1882,Franklin,TAS,No,1934-09-15,1946-09-28,Defeated,,
Fry1920,Fraser,ACT,No,1974-05-18,1984-10-26,Retired,,
Frydenberg1971,Kooyong,VIC,No,2010-08-21,,,,
Fuller1861,Illawarra,NSW,No,1901-03-29,1913-05-31,Defeated,,
Fuller1893,Hume,NSW,No,1943-08-21,1949-12-10,Defeated,,
Fuller1893,Hume,NSW,No,1951-04-28,1955-12-10,Defeated,,
Fuller1893,Hume,NSW,No,1961-12-09,1963-11-30,Defeated,,
Fulton1909,Leichhardt,QLD,No,1958-11-22,1975-11-11,Retired,,
Fysh1835,Denison,TAS,No,1903-12-16,1910-02-19,Retired,,
Fysh1835,Tasmania,TAS,No,1901-03-29,1903-12-16,Until elected for Denison,1,
Gabb1882,Angas,SA,No,1919-12-13,1925-11-14,Defeated,,
Gabb1882,Angas,SA,No,1929-10-12,1934-08-07,Retired,,
Gaha1894,Denison,TAS,No,1943-08-21,1949-10-31,Retired,,
Gallus1943,Hawker,SA,No,1990-03-24,1993-03-13,Until elected for Hindmarsh,1,
Gallus1943,Hindmarsh,SA,No,1993-03-13,2004-08-31,Retired,,
Galvin1911,Kingston,SA,No,1951-04-28,1966-11-26,Defeated,,
Gambaro1958,Brisbane,QLD,No,2010-08-21,2016-05-09,Retired,,
Gambaro1958,Petrie,QLD,No,1996-03-02,2007-11-24,Defeated,,
Gander1888,Reid,NSW,No,1931-12-19,1940-09-21,Defeated,,
Garden1882,Cook,NSW,No,1934-09-15,1937-09-21,Retired,,
Gardner1884,Robertson,NSW,No,1922-12-16,1940-09-21,Defeated,,
Garland1934,Curtin,WA,Yes,1969-04-19,1981-01-22,Resigned,,
Garrett1953,Kingsford Smith,NSW,No,2004-10-09,2013-08-05,Retired,,Same as Kingsford-Smith - name was changed in 2001
Garrick1918,Batman,VIC,No,1969-10-25,1977-11-10,Retired,,
Gash1944,Gilmore,NSW,No,1996-03-02,2013-08-05,Retired,,
Gayler1943,Leichhardt,QLD,No,1983-03-05,1993-02-08,Retired,,
Gear1947,Canning,WA,No,1984-12-01,1996-03-02,Defeated,,
Gear1947,Tangney,WA,No,1983-03-05,1984-12-01,Until elected for Canning,1,
Gee1968,Calare,NSW,No,2016-07-02,,,,
Gellibrand1872,Denison,TAS,No,1925-11-14,1928-11-17,Defeated,,
Georganas1959,Adelaide,SA,No,2019-05-18,,,,
Georganas1959,Hindmarsh,SA,No,2004-10-09,2013-09-07,Defeated,,
Georganas1959,Hindmarsh,SA,No,2016-07-02,2019-04-11,Until elected for Adelaide,1,
George1947,Throsby,NSW,No,2001-11-10,2010-07-19,Retired,,
Georgiou1947,Kooyong,VIC,Yes,1994-11-19,2010-07-19,Retired,,
Gerick1963,Canning,WA,No,1998-10-03,2001-11-10,Defeated,,
Gibb1843,Flinders,VIC,No,1903-12-16,1906-12-12,Defeated,,
Gibbons1887,Calare,NSW,No,1929-10-12,1931-12-19,Defeated,,
Gibbons1949,Bendigo,VIC,No,1998-10-03,2013-08-05,Retired,,
Gibbs1922,Bowman,QLD,No,1963-11-30,1969-10-25,Defeated,,
Gibson1869,Corangamite,VIC,Yes,1918-12-14,1929-10-12,Defeated,,
Gibson1869,Corangamite,VIC,No,1931-12-19,1934-08-07,Retired,,
Gibson1935,Denison,TAS,Yes,1964-02-15,1969-09-29,Retired,,
Gibson1954,Moreton,QLD,No,1990-03-24,1996-03-02,Defeated,,
Giles1923,Angas,SA,Yes,1964-06-20,1977-12-10,Until elected for Wakefield,1,
Giles1923,Wakefield,SA,No,1977-12-10,1983-02-04,Retired,,
Giles1973,Scullin,VIC,No,2013-09-07,,,,
Gillard1920,Macquarie,NSW,No,1975-12-13,1980-10-18,Defeated,,
Gillard1961,Lalor,VIC,No,1998-10-03,2013-08-05,Retired,,
Gillespie1957,Lyne,NSW,No,2013-09-07,,,,
Gilmore1908,Leichhardt,QLD,No,1949-12-10,1951-04-28,Defeated,,
Glynn1855,Angas,SA,No,1903-12-16,1919-12-13,Defeated,,
Glynn1855,South Australia,SA,No,1901-03-30,1903-12-16,Until elected for Angas,1,
Goodenough1975,Moore,WA,No,2013-09-07,,,,
Goodluck1933,Franklin,TAS,No,1975-12-13,1993-02-08,Retired,,
Gordon1865,Boothby,SA,Yes,1911-11-11,1913-05-31,Defeated,,
Gorman1926,Chifley,NSW,No,1983-03-05,1984-12-01,Until elected for Greenway,1,
Gorman1926,Greenway,NSW,No,1984-12-01,1996-01-29,Retired,,
Gorman1984,Perth,WA,Yes,2018-07-28,,,,
Gorton1911,Higgins,VIC,Yes,1968-02-24,1975-11-11,Retired,,
Gosling1971,Solomon,NT,No,2016-07-02,,,,
Grace1931,Fowler,NSW,No,1984-12-01,1998-08-31,Retired,,
Grace1940,Lilley,QLD,No,1996-03-02,1998-10-03,Defeated,,
Graham1919,North Sydney,NSW,No,1966-11-26,1980-09-19,Retired,,
Graham1919,St George,NSW,No,1949-12-10,1954-05-29,Defeated,,
Graham1919,St George,NSW,No,1955-12-10,1958-11-22,Defeated,,
Grassby1926,Riverina,NSW,No,1969-10-25,1974-05-18,Defeated,,
Gray1908,Capricornia,QLD,No,1961-12-09,1967-08-02,Died,,
Gray1958,Brand,WA,No,2007-11-24,2016-07-02,Retired,,
Grayden1920,Swan,WA,No,1949-12-10,1954-05-29,Defeated,,
Green1869,Kalgoorlie,WA,No,1922-12-16,1940-10-02,Died,,
Green1885,Richmond,NSW,No,1922-12-16,1937-10-23,Defeated,,
Greenup1902,Dalley,NSW,Yes,1953-05-09,1955-11-04,Retired,,
Gregory1860,Dampier,WA,No,1913-05-31,1922-12-16,Until elected for Swan,1,
Gregory1860,Swan,WA,No,1922-12-16,1940-11-15,Died,,
Grierson1951,Newcastle,NSW,No,2001-11-10,2013-08-05,Retired,,
Griffin1960,Bruce,VIC,No,1996-03-02,2016-05-09,Retired,,
Griffin1960,Corinella,VIC,No,1993-03-13,1996-03-02,Until elected for Bruce,1,
Griffiths1903,Shortland,NSW,No,1949-12-10,1972-11-02,Retired,,
Griffiths1952,Maribyrnong,VIC,No,1983-03-05,1996-01-29,Retired,,
Griggs1969,Solomon,NT,No,2010-08-21,2016-07-02,Defeated,,
Groom1833,Darling Downs,QLD,No,1901-03-30,1901-08-08,Died,,
Groom1852,Flinders,VIC,No,1901-03-29,1903-11-23,Retired,,
Groom1867,Darling Downs,QLD,Yes,1901-09-14,1929-10-12,Defeated,,
Groom1867,Darling Downs,QLD,No,1931-12-19,1936-11-06,Died,,
Groom1944,Braddon,TAS,No,1975-12-13,1984-10-26,Retired,,
Gullett1878,Henty,VIC,No,1925-11-14,1940-08-13,Died,,
Gullett1914,Henty,VIC,Yes,1946-03-30,1955-11-04,Retired,,
Gun1936,Kingston,SA,No,1969-10-25,1975-12-13,Defeated,,
Guy1890,Bass,TAS,No,1929-10-12,1934-09-15,Defeated,,
Guy1890,Wilmot,TAS,No,1940-09-21,1946-09-28,Defeated,,
Haase1945,Durack,WA,No,2010-08-21,2013-08-05,Retired,,
Haase1945,Kalgoorlie,WA,No,1998-10-03,2010-08-21,Until elected for Durack,1,
Hadley1893,Lilley,QLD,No,1943-08-21,1949-12-10,Defeated,,
Haines1961,Indi,VIC,,2019-05-18,,,,
Halbert1910,Moore,WA,No,1958-11-22,1961-12-09,Defeated,,
Hale1969,Solomon,NT,No,2007-11-24,2010-08-21,Defeated,,
Hall1874,Werriwa,NSW,No,1906-12-12,1912-04-01,Resigned,,
Hall1928,Boothby,SA,Yes,1981-02-21,1996-01-29,Retired,,
Hall1949,Shortland,NSW,No,1998-10-03,2016-05-09,Retired,,
Hallett1917,Canning,WA,No,1963-11-30,1974-05-18,Defeated,,
Halverson1937,Casey,VIC,No,1984-12-01,1998-08-31,Retired,,
Hamer1923,Isaacs,VIC,No,1969-10-25,1974-05-18,Defeated,,
Hamer1923,Isaacs,VIC,No,1975-12-13,1977-11-10,Retired,,
Hamilton1899,Canning,WA,No,1949-12-10,1961-11-02,Retired,,
Hamilton1899,Swan,WA,No,1946-09-28,1949-12-10,Until elected for Canning,1,
Hammond,Curtin,WA,,2019-05-18,,,,
Hammond1975,Perth,WA,No,2016-07-02,2018-05-10,Resigned,,
Hampson1864,Bendigo,VIC,Yes,1915-02-06,1917-05-05,Defeated,,
Hand1942,Melbourne,VIC,No,1983-03-05,1993-02-08,Retired,,
Handby1903,Kingston,SA,No,1949-12-10,1951-04-28,Defeated,,
Hannan1873,Fawkner,VIC,No,1913-05-31,1917-05-05,Defeated,,
Hansen1922,Wide Bay,QLD,No,1961-12-09,1974-05-18,Defeated,,
Hanson1954,Oxley,QLD,No,1996-03-02,1998-10-03,Defeated,,
Hardgrave1960,Moreton,QLD,No,1996-03-02,2007-11-24,Defeated,,
Harding1921,Herbert,QLD,No,1961-12-09,1966-11-26,Defeated,,
Harper1842,Mernda,VIC,No,1901-03-29,1913-04-23,Retired,,
Harris1937,Chisholm,VIC,No,1980-10-18,1983-03-05,Defeated,,
Harrison1880,Bendigo,VIC,No,1931-12-19,1937-09-21,Retired,,
Harrison1892,Wentworth,NSW,No,1931-12-19,1956-10-17,Resigned,,
Harrison1903,Blaxland,NSW,No,1949-12-10,1969-09-29,Retired,,
Hart1960,Bass,TAS,No,2016-07-02,2019-05-18,,,
Hartnoll1841,Tasmania,TAS,Yes,1902-03-26,1903-12-16,Defeated,,
Hartsuyker1959,Cowper,NSW,No,2001-11-10,2019-04-11,Retired,,Announced retirement 8 August 2018.
Harvey1946,Hawker,SA,No,1987-07-11,1990-03-24,Defeated,,
Haslem1939,Canberra,ACT,No,1975-12-13,1980-10-18,Defeated,,
Hasluck1905,Curtin,WA,No,1949-12-10,1969-02-10,Resigned,,
Hastie1982,Canning,WA,Yes,2015-09-19,,,,
Hatton1951,Blaxland,NSW,Yes,1996-06-15,2007-10-17,Retired,,
Haviland1952,Macarthur,NSW,No,1993-03-13,1996-01-29,Retired,,
Hawke1929,Wills,VIC,No,1980-10-18,1992-02-20,Resigned,,
Hawke1977,Mitchell,NSW,No,2007-11-24,,,,
Hawker1894,Wakefield,SA,No,1929-10-12,1938-10-25,Died,,
Hawker1949,Wannon,VIC,Yes,1983-05-07,2010-07-19,Retired,,
Haworth1905,Isaacs,VIC,No,1949-12-10,1969-09-29,Retired,,
Hay1865,New England,NSW,No,1919-12-13,1922-12-16,Defeated,,
Hayden1933,Oxley,QLD,No,1961-12-09,1988-08-17,Resigned,,
Hayes1955,Fowler,NSW,No,2010-08-21,,,,
Hayes1955,Werriwa,NSW,Yes,2005-03-19,2010-08-21,Until elected for Fowler,1,
Haylen1898,Parkes,NSW,No,1943-08-21,1963-11-30,Defeated,,
Hedges1856,Fremantle,WA,No,1906-12-12,1913-05-31,Defeated,,
Heitmann1878,Kalgoorlie,WA,No,1917-05-05,1919-12-13,Defeated,,
Henderson1964,Corangamite,VIC,No,2013-09-07,2019-05-18,Defeated,,
Hendy1962,Eden-Monaro,NSW,No,2013-09-07,2016-07-02,Defeated,,
Henry1946,Hasluck,WA,No,2004-10-09,2007-11-24,Defeated,,
Henzell1948,Capricornia,QLD,No,1993-03-13,1996-03-02,Defeated,,
Hewson1914,McMillan,VIC,No,1972-12-02,1975-12-13,Defeated,,
Hewson1946,Wentworth,NSW,No,1987-07-11,1995-02-28,Resigned,,
Hicks1940,Riverina,NSW,No,1980-10-18,1984-12-01,Until elected for Riverina-Darling,1,
Hicks1940,Riverina,NSW,No,1993-03-13,1998-08-31,Retired,,
Hicks1940,Riverina-Darling,NSW,No,1984-12-01,1993-03-13,Until elected for Riverina,1,
Higgins1851,Northern Melbourne,VIC,No,1901-03-29,1906-10-13,Resigned,,
Higgs1862,Capricornia,QLD,No,1910-04-13,1922-12-16,Defeated,,
Hill1866,Echuca,VIC,Yes,1919-09-20,1934-08-07,Retired,,
Hill1973,Bruce,VIC,No,2016-07-02,,,,
Hoare1963,Charlton,NSW,No,1998-10-03,2007-10-17,Retired,,
Hockey1965,North Sydney,NSW,No,1996-03-02,2015-10-23,Resigned,,
Hodges1937,Petrie,QLD,No,1974-05-18,1983-03-05,Defeated,,
Hodges1937,Petrie,QLD,No,1984-12-01,1987-07-11,Defeated,,
Hodgman1938,Denison,TAS,No,1975-12-13,1987-07-11,Defeated,,
Hogan1963,Page,NSW,No,2013-09-07,,,,
Holder1850,South Australia,SA,No,1901-03-30,1903-12-16,Until elected for Wakefield,1,
Holder1850,Wakefield,SA,No,1903-12-16,1909-07-23,Died,,
Holding1931,Melbourne Ports,VIC,No,1977-12-10,1998-08-31,Retired,,
Hollis1938,Macarthur,NSW,No,1983-03-05,1984-12-01,Until elected for Throsby,1,
Hollis1938,Throsby,NSW,No,1984-12-01,2001-10-08,Retired,,
Holloway1875,Flinders,VIC,No,1929-10-12,1931-12-19,Until elected for Melbourne Ports,1,
Holloway1875,Melbourne Ports,VIC,No,1931-12-19,1951-03-19,Retired,,
Holman1871,Martin,NSW,No,1931-12-19,1934-06-05,Died,,
Holt1908,Fawkner,VIC,Yes,1935-08-17,1949-12-10,Until elected for Higgins,1,
Holt1908,Higgins,VIC,No,1949-12-10,1967-12-19,Presumed dead,,
Holt1914,Darebin,VIC,No,1955-12-10,1958-10-14,Retired,,
Holten1922,Indi,VIC,No,1958-11-22,1977-12-10,Defeated,,
Horne1939,Paterson,NSW,No,1993-03-13,1996-03-02,Defeated,,
Horne1939,Paterson,NSW,No,1998-10-03,2001-11-10,Defeated,,
Howard1939,Bennelong,NSW,No,1974-05-18,2007-11-24,Defeated,,
Howarth1972,Petrie,QLD,No,2013-09-07,,,,
Howe1861,Dalley,NSW,No,1910-04-13,1915-04-02,Died,,
Howe1936,Batman,VIC,No,1977-12-10,1996-01-29,Retired,,
Howroyd1867,Darwin,TAS,No,1917-05-05,1917-05-10,Died,,Name of Darwin electorate changed to Braddon by resolution of Parliament following the redistribution of electoral boundaries 1955.
Howse1863,Calare,NSW,No,1922-12-16,1929-10-12,Defeated,,
Howse1913,Calare,NSW,No,1946-09-28,1960-09-28,Resigned,,
Howson1919,Casey,VIC,No,1969-10-25,1972-12-02,Defeated,,
Howson1919,Fawkner,VIC,No,1955-12-10,1969-10-25,Until elected for Casey,1,
Hughes1862,Bendigo,VIC,No,1917-05-05,1922-12-16,Until elected for North Sydney,1,
Hughes1862,Bradfield,NSW,No,1949-12-10,1952-10-28,Died,,
Hughes1862,North Sydney,NSW,No,1922-12-16,1949-12-10,Until elected for Bradfield,1,
Hughes1862,West Sydney,NSW,No,1901-03-29,1917-05-05,Until elected for Bendigo,1,
Hughes1923,Berowra,NSW,No,1969-10-25,1972-11-02,Retired,,
Hughes1923,Parkes,NSW,No,1963-11-30,1969-10-25,Until elected for Berowra,1,
Hull1954,Riverina,NSW,No,1998-10-03,2010-07-19,Retired,,
Hulls1957,Kennedy,QLD,No,1990-03-24,1993-03-13,Defeated,,
Hulme1907,Petrie,QLD,No,1949-12-10,1961-12-09,Defeated,,
Hulme1907,Petrie,QLD,No,1963-11-30,1972-11-02,Retired,,
Humphreys1934,Griffith,QLD,No,1977-12-10,1996-01-29,Retired,,
Hunt1928,Gwydir,NSW,Yes,1969-06-07,1989-02-24,Resigned,,
Hunt1965,Flinders,VIC,No,2001-11-10,,,,
Hunter1882,Maranoa,QLD,Yes,1921-07-30,1940-08-27,Retired,,
Hurford1931,Adelaide,SA,No,1969-10-25,1987-12-31,Resigned,,
Hurry1868,Bendigo,VIC,No,1922-12-16,1929-10-12,Defeated,,
Husar1980,Lindsay,NSW,No,2016-07-02,2019-04-11,Retired,,Announced retirement 11 April 2019
Husic1970,Chifley,NSW,No,2010-08-21,,,,
Hutchin1887,Denison,TAS,No,1931-12-19,1934-09-15,Defeated,,
Hutchinson1904,Deakin,VIC,No,1937-10-23,1949-10-31,Retired,,
Hutchinson1904,Indi,VIC,No,1931-12-19,1937-10-23,Until elected for Deakin,1,
Hutchinson1965,Lyons,TAS,No,2013-09-07,2016-07-02,Defeated,,
Hutchison1859,Hindmarsh,SA,No,1903-12-16,1909-12-06,Died,,
Hyde1936,Moore,WA,No,1974-05-18,1983-03-05,Defeated,,
Innes1925,Melbourne,VIC,No,1972-12-02,1983-02-04,Retired,,
Irons1958,Swan,WA,No,2007-11-24,,,,
Irvine1856,Grampians,VIC,No,1906-12-12,1914-09-05,Defeated,,
Irvine1858,Flinders,VIC,No,1906-12-12,1918-04-05,Resigned,,
Irwin1898,Mitchell,NSW,No,1963-11-30,1972-12-02,Defeated,,
Irwin1951,Fowler,NSW,No,1998-10-03,2010-07-19,Retired,,
Isaacs1855,Indi,VIC,No,1901-03-29,1906-10-12,Resigned,,
Jack1892,North Sydney,NSW,No,1949-12-10,1966-10-31,Retired,,
Jackson1889,Bass,TAS,No,1919-12-13,1929-10-12,Defeated,,
Jackson1962,Hasluck,WA,No,2001-11-10,2004-10-09,Defeated,,
Jackson1962,Hasluck,WA,No,2007-11-24,2010-08-21,Defeated,,
Jacobi1928,Hawker,SA,No,1969-10-25,1987-06-05,Retired,,
Jakobsen1947,Cowan,WA,No,1984-12-01,1993-03-13,Defeated,,
James1885,Hunter,NSW,No,1928-11-17,1958-10-14,Retired,,
James1914,Hunter,NSW,Yes,1960-04-09,1980-09-19,Retired,,
Jarman1923,Deakin,VIC,No,1966-11-26,1983-03-05,Defeated,,
Jeanes1958,Kingston,SA,No,1996-03-02,1998-10-03,Defeated,,
Jenkins1925,Scullin,VIC,No,1969-10-25,1985-12-20,Resigned,,
Jenkins1952,Scullin,VIC,Yes,1986-02-08,2013-08-05,Retired,,
Jennings1878,South Sydney,NSW,No,1931-12-19,1934-09-15,Until elected for Watson,1,
Jennings1878,Watson,NSW,No,1934-09-15,1940-09-21,Defeated,,
Jensen1865,Bass,TAS,No,1910-04-13,1919-12-13,Defeated,,
Jensen1962,Tangney,WA,No,2004-10-09,2016-07-02,Defeated,,
Jess1922,La Trobe,VIC,Yes,1960-04-09,1972-12-02,Defeated,,
Jessop1927,Grey,SA,No,1966-11-26,1969-10-25,Defeated,,
Johns1952,Petrie,QLD,No,1987-07-11,1996-03-02,Defeated,,
Johnson1862,Lang,NSW,No,1903-12-16,1928-11-17,Defeated,,
Johnson1871,Robertson,NSW,No,1910-04-13,1913-05-31,Defeated,,
Johnson1889,Kalgoorlie,WA,Yes,1940-11-16,1958-10-14,Retired,,
Johnson1924,Hughes,NSW,No,1955-12-10,1966-11-26,Defeated,,
Johnson1924,Hughes,NSW,No,1969-10-25,1983-12-19,Resigned,,
Johnson1929,Burke,VIC,No,1969-10-25,1980-09-19,Retired,,
Johnson1943,Brisbane,QLD,No,1975-12-13,1980-10-18,Defeated,,
Johnson1970,Ryan,QLD,No,2001-11-10,2010-08-21,Defeated,,
Johnston1930,Hotham,VIC,No,1977-12-10,1980-10-18,Defeated,,
Johnston1943,Canning,WA,No,1996-03-02,1998-10-03,Defeated,,
Jolley1874,Grampians,VIC,No,1914-09-05,1915-01-01,Died,,
Jolly1882,Lilley,QLD,No,1937-10-23,1943-08-21,Defeated,,
Jones1878,Indi,VIC,No,1928-11-17,1931-12-19,Defeated,,
Jones1917,Newcastle,NSW,No,1958-11-22,1983-02-04,Retired,,
Jones1944,Adelaide,SA,No,1966-11-26,1969-10-25,Defeated,,
Jones1960,Herbert,QLD,No,2010-08-21,2016-07-02,Defeated,,
Jones1965,Throsby,NSW,No,2010-08-21,2016-07-02,Until elected for Whitlam,1,
Jones1965,Whitlam,NSW,No,2016-07-02,,,,
JonesBarry1932,Lalor,VIC,No,1977-12-10,1998-08-31,Retired,,
Joshua1906,Ballaarat,VIC,No,1951-04-28,1955-12-10,Defeated,,
Joske1895,Balaclava,VIC,Yes,1951-07-28,1960-06-02,Resigned,,
Jowett1858,Grampians,VIC,Yes,1917-10-27,1922-12-16,Defeated,,
Joyce1967,New England,NSW,No,2013-09-07,,,,
Jull1944,Bowman,QLD,No,1975-12-13,1983-03-05,Defeated,,
Jull1944,Fadden,QLD,No,1984-12-01,2007-10-17,Retired,,
Katter1918,Kennedy,QLD,No,1966-11-26,1990-02-19,Retired,,
Katter1945,Kennedy,QLD,No,1993-03-13,,,,
Keane1881,Bendigo,VIC,No,1929-10-12,1931-12-19,Defeated,,
Kearney1903,Cunningham,NSW,Yes,1956-04-11,1963-11-01,Retired,,
Kearney1963,Batman,VIC,Yes,2018-03-17,,,,
Keating1944,Blaxland,NSW,No,1969-10-25,1996-04-23,Resigned,,
Keay1975,Braddon,TAS,No,2016-07-02,2019-05-18,Defeated,,
Keenan1972,Stirling,WA,No,2004-10-09,2019-04-11,,,Announced retirement 25 January 2019.
Kekwick1910,Bass,TAS,No,1949-12-10,1954-05-29,Defeated,,
Kelly1877,Wentworth,NSW,No,1903-12-16,1919-11-03,Retired,,
Kelly1912,Wakefield,SA,No,1958-11-22,1977-11-10,Retired,,
Kelly1948,Canberra,ACT,No,1980-10-18,1995-01-30,Resigned,,
Kelly1954,Dawson,QLD,No,1996-03-02,2007-11-24,Defeated,,
Kelly1960,Eden-Monaro,NSW,No,2007-11-24,2013-09-07,Defeated,,
Kelly1960,Eden-Monaro,NSW,No,2016-07-02,,,,
Kelly1963,Hughes,NSW,No,2010-08-21,,,,
Kelly1964,Lindsay,NSW,No,1996-03-02,1996-09-11,Voided,,
Kelly1964,Lindsay,NSW,Yes,1996-10-19,2007-10-17,Retired,,
Kemp1941,Goldstein,VIC,No,1990-03-24,2004-08-31,Retired,,
Kendell1851,Corio,VIC,No,1913-05-31,1914-09-05,Defeated,,
Kennedy1860,Moira,VIC,No,1901-03-29,1906-12-12,Defeated,,
Kennedy1940,Bendigo,VIC,Yes,1969-06-07,1972-12-02,Defeated,,
Kent1927,Hotham,VIC,No,1980-10-18,1990-03-24,Defeated,,
KentHughes1895,Chisholm,VIC,No,1949-12-10,1970-07-31,Died,,
Keogh1931,Bowman,QLD,No,1969-10-25,1975-12-13,Defeated,,
Keogh1931,Bowman,QLD,No,1983-03-05,1987-06-05,Retired,,
Keogh1981,Burt,WA,No,2016-07-02,,,,
Keon1915,Yarra,VIC,No,1949-12-10,1955-12-10,Defeated,,
Kerby1885,Ballaarat,VIC,No,1919-12-13,1920-06-02,Voided,,
Kerin1937,Macarthur,NSW,No,1972-12-02,1975-12-13,Defeated,,
Kerin1937,Werriwa,NSW,Yes,1978-09-23,1993-12-22,Resigned,,
Kernot1948,Dickson,QLD,No,1998-10-03,2001-11-10,Defeated,,
Kerr1952,Denison,TAS,No,1987-07-11,2010-07-19,Retired,,
Khalil1973,Wills,VIC,No,2016-07-02,,,,
Killen1860,Riverina,NSW,No,1922-12-16,1931-11-27,Retired,,
Killen1925,Moreton,QLD,No,1955-12-10,1983-08-15,Resigned,,
King1920,Wimmera,VIC,No,1958-11-22,1977-11-10,Retired,,
King1952,Wentworth,NSW,No,2001-11-10,2004-10-09,Defeated,,
King1966,Ballarat,VIC,No,2001-11-10,,,,Ballaarat until federal redistribution 1977
King1973,Brand,WA,No,2016-07-02,,,,
Kingston1850,Adelaide,SA,No,1903-12-16,1908-05-11,Died,,
Kingston1850,South Australia,SA,No,1901-03-30,1903-12-16,Until elected for Adelaide,1,
Kirwan1869,Kalgoorlie,WA,No,1901-03-29,1903-12-16,Defeated,,
Kirwan1937,Forrest,WA,No,1969-10-25,1972-12-02,Defeated,,
Klugman1924,Prospect,NSW,No,1969-10-25,1990-02-19,Retired,,
Knott1956,Gilmore,NSW,No,1993-03-13,1996-03-02,Defeated,,
Knox1850,Kooyong,VIC,No,1901-03-29,1910-07-26,Resigned,,
Lacey1887,Grey,SA,No,1922-12-16,1931-12-19,Defeated,,
Lamb1939,La Trobe,VIC,No,1972-12-02,1975-12-13,Defeated,,
Lamb1939,Streeton,VIC,No,1984-12-01,1990-03-24,Defeated,,
Lamb1972,Longman,QLD,No,2016-07-02,2019-05-18,Defeated,,
Lambert1881,West Sydney,NSW,Yes,1921-09-03,1928-09-06,Died,,
Laming1966,Bowman,QLD,No,2004-10-09,,,,
Lamond1865,Illawarra,NSW,No,1917-05-05,1922-12-16,Defeated,,
Landry1962,Capricornia,QLD,No,2013-09-07,,,,
Lane1873,Barton,NSW,No,1931-12-19,1940-09-21,Defeated,,
Lang1876,Reid,NSW,No,1946-09-28,1949-12-10,Defeated,,
Langmore1939,Fraser,ACT,No,1984-12-01,1996-12-06,Resigned,,
Langtry1880,Riverina,NSW,No,1940-09-21,1949-12-10,Defeated,,
Latham1877,Kooyong,VIC,No,1922-12-16,1934-08-07,Retired,,
Latham1961,Werriwa,NSW,Yes,1994-01-29,2005-01-21,Resigned,,
Laundy1971,Reid,NSW,No,2013-09-07,2019-04-11,,,Announced retirement 15 March 2019.
Lavarch1961,Dickson,QLD,No,1993-04-17,1996-03-02,Defeated,,
Lavarch1961,Fisher,QLD,No,1987-07-11,1993-04-17,Until elected for Dickson,1,
Lavelle1887,Calare,NSW,No,1919-12-13,1922-12-16,Defeated,,
Lawler1961,Parkes,NSW,No,1998-10-03,2001-10-08,Retired,,
Lawrence1906,Wimmera,VIC,No,1949-12-10,1958-11-22,Defeated,,
Lawrence1948,Fremantle,WA,Yes,1994-03-12,2007-10-17,Retired,,
Lawson1880,Brisbane,QLD,No,1931-12-19,1961-11-02,Retired,,
Lawson1897,Macquarie,NSW,No,1931-12-19,1940-09-21,Defeated,,
Lazzarini1894,Werriwa,NSW,No,1919-12-13,1931-12-19,Defeated,,
Lazzarini1894,Werriwa,NSW,No,1934-09-15,1952-10-01,Died,,
Leckie1872,Indi,VIC,No,1917-05-05,1919-12-13,Defeated,,
Lee1856,Cowper,NSW,No,1903-12-16,1906-12-12,Defeated,,
Lee1920,Lalor,VIC,No,1966-11-26,1969-10-25,Defeated,,
Lee1957,Dobell,NSW,No,1984-12-01,2001-11-10,Defeated,,
Leeser1976,Berowra,NSW,No,2016-07-02,,,,
Leigh1972,Fenner,ACT,No,2016-07-02,,,,
Leigh1972,Fraser,ACT,No,2010-08-21,2016-07-02,Until elected for Fenner,1,
Lemmon1908,Forrest,WA,No,1943-08-21,1949-12-10,Defeated,,
Lemmon1908,St George,NSW,No,1954-05-29,1955-12-10,Defeated,,
Leslie1900,Moore,WA,No,1949-12-10,1958-11-22,Defeated,,
Leslie1900,Moore,WA,No,1961-12-09,1963-11-01,Retired,,
Lewis1882,Corio,VIC,No,1929-10-12,1931-12-19,Defeated,,
Ley1879,Barton,NSW,No,1925-11-14,1928-11-17,Defeated,,
Ley1961,Farrer,NSW,No,2001-11-10,,,,
Liddell1862,Hunter,NSW,No,1903-12-16,1910-04-13,Defeated,,
Lieberman1938,Indi,VIC,No,1993-03-13,2001-10-08,Retired,,
Lindsay1905,Flinders,VIC,No,1954-05-29,1966-10-31,Retired,,
Lindsay1942,Herbert,QLD,No,1983-03-05,1996-03-02,Defeated,,
Lindsay1944,Herbert,QLD,No,1996-03-02,2010-07-19,Retired,,
Lister1875,Corio,VIC,No,1917-05-05,1929-10-12,Defeated,,
Littleproud1976,Maranoa,QLD,No,2016-07-02,,,,
Liu1964,Chisholm,VIC,,2019-05-18,,,,
Livermore1969,Capricornia,QLD,No,1998-10-03,2013-08-05,Retired,,
Livingston1856,Barker,SA,No,1906-12-12,1922-11-06,Retired,,
Lloyd1937,Murray,VIC,Yes,1971-03-20,1996-01-29,Retired,,
Lloyd1954,Robertson,NSW,No,1996-03-02,2007-11-24,Defeated,,
Long1885,Lang,NSW,No,1928-11-17,1931-12-19,Defeated,,
Lonsdale1843,New England,NSW,No,1903-12-16,1906-12-12,Defeated,,
Luchetti1904,Macquarie,NSW,Yes,1951-07-28,1975-11-11,Retired,,
Luck1900,Braddon,TAS,No,1955-12-10,1958-11-22,Defeated,,
Luck1900,Darwin,TAS,No,1951-04-28,1955-12-10,Until elected for Braddon,1,Name of Darwin electorate changed to Braddon by resolution of Parliament following the redistribution of electoral boundaries 1955.
Lucock1916,Lyne,NSW,Yes,1952-03-22,1980-09-19,Retired,,
Lusher1945,Hume,NSW,No,1974-05-18,1984-12-01,Defeated,,
Lynch1862,Werriwa,NSW,No,1914-09-05,1919-12-13,Defeated,,
Lynch1933,Flinders,VIC,No,1966-11-26,1982-10-22,Resigned,,
Lyne1844,Hume,NSW,No,1901-03-29,1913-05-31,Defeated,,
Lyons1879,Wilmot,TAS,No,1929-10-12,1939-04-07,Died,,
Lyons1897,Darwin,TAS,No,1943-08-21,1951-03-19,Retired,,Name of Darwin electorate changed to Braddon by resolution of Parliament following the redistribution of electoral boundaries 1955.
Lyons1953,Bass,TAS,No,2010-08-21,2013-09-07,Defeated,,
MacdonaldPaterson1844,Brisbane,QLD,No,1901-03-30,1903-12-16,Defeated,,
Macfarlane1955,Groom,QLD,No,1998-10-03,2016-05-09,Retired,,
Mack1933,North Sydney,NSW,No,1990-03-24,1996-01-29,Retired,,
Mackay1872,Lilley,QLD,No,1917-05-05,1934-08-07,Retired,,
Mackay1919,Evans,NSW,No,1963-11-30,1972-12-02,Defeated,,
MacKellar1938,Warringah,NSW,No,1969-10-25,1994-02-18,Resigned,,
MacKenzie1941,Calare,NSW,No,1975-12-13,1983-03-05,Defeated,,
MacKinnon1903,Corangamite,VIC,Yes,1953-08-29,1966-10-31,Retired,,
MacKinnon1903,Wannon,VIC,No,1949-12-10,1951-04-28,Defeated,,
Macklin1953,Jagajaga,VIC,No,1996-03-02,2019-04-11,Retired,,Announced retirement 6 July 2018.
Macphee1938,Balaclava,VIC,No,1974-05-18,1984-12-01,Until elected for Goldstein,1,
Macphee1938,Goldstein,VIC,No,1984-12-01,1990-02-19,Retired,,
MacTiernan1953,Perth,WA,No,2013-09-07,2016-05-09,Retired,,
Maher1936,Lowe,NSW,Yes,1982-03-13,1987-07-11,Defeated,,
Mahon1857,Coolgardie,WA,No,1901-03-29,1913-05-31,Defeated,,
Mahon1857,Kalgoorlie,WA,Yes,1913-12-22,1917-05-05,Defeated,,
Mahon1857,Kalgoorlie,WA,No,1919-12-13,1920-11-12,Expelled,,
Mahoney1892,Denison,TAS,No,1934-09-15,1940-09-21,Defeated,,
Mahony1877,Dalley,NSW,Yes,1915-05-06,1927-01-18,Resigned,,
Maisey1915,Moore,WA,No,1963-11-30,1974-05-18,Defeated,,
Makin1889,Bonython,SA,No,1955-12-10,1963-11-01,Retired,,
Makin1889,Hindmarsh,SA,No,1919-12-13,1946-08-14,Resigned,,
Makin1889,Sturt,SA,No,1954-05-29,1955-12-10,Until elected for Bonython,1,
Maloney1854,Melbourne,VIC,Yes,1904-03-30,1940-08-27,Retired,,
Manifold1867,Corangamite,VIC,No,1901-03-29,1903-11-23,Retired,,
Manifold1867,Corangamite,VIC,No,1913-05-31,1918-10-23,Died,,
Mann1874,Perth,WA,No,1922-12-16,1929-10-12,Defeated,,
Manning1872,Macquarie,NSW,No,1922-12-16,1928-11-17,Defeated,,
Marek1964,Capricornia,QLD,No,1996-03-02,1998-10-03,Defeated,,
Marino1954,Forrest,WA,No,2007-11-24,,,,
Marks1875,Wentworth,NSW,No,1919-12-13,1931-12-19,Defeated,,
Markus1958,Greenway,NSW,No,2004-10-09,2010-08-21,Until elected for Macquarie,1,
Markus1958,Macquarie,NSW,No,2010-08-21,2016-07-02,Defeated,,
Marles1967,Corio,VIC,No,2007-11-24,,,,
Marr1880,Parkes,NSW,No,1919-12-13,1929-10-12,Defeated,,
Marr1880,Parkes,NSW,Yes,1931-01-31,1943-08-21,Defeated,,
Martens1874,Herbert,QLD,No,1928-11-17,1946-08-16,Retired,,
Martin1920,Banks,NSW,No,1969-10-25,1980-09-19,Retired,,
Martin1948,Cunningham,NSW,No,1993-03-13,2002-08-16,Resigned,,
Martin1948,Macarthur,NSW,No,1984-12-01,1993-03-13,Until elected for Cunningham,1,
Martin1977,Reid,NSW,,2019-05-18,,,,
Martyr1932,Swan,WA,No,1975-12-13,1980-10-18,Defeated,,
Marwick1895,Swan,WA,Yes,1940-12-21,1943-08-21,Defeated,,
MassyGreene1874,Richmond,NSW,No,1910-04-13,1922-12-16,Defeated,,
Matheson1958,Macarthur,NSW,No,2010-08-21,2016-07-02,Defeated,,
Mathews1865,Melbourne Ports,VIC,No,1906-12-12,1931-11-27,Retired,,
Mathews1935,Casey,VIC,No,1972-12-02,1975-12-13,Defeated,,
Mauger1857,Maribyrnong,VIC,No,1906-12-12,1910-04-13,Defeated,,
Mauger1857,Melbourne Ports,VIC,No,1901-03-29,1906-12-12,Until elected for Maribyrnong,1,
Maxwell1859,Fawkner,VIC,No,1917-05-05,1935-06-25,Died,,
May1950,McPherson,QLD,No,1998-10-03,2010-07-19,Retired,,
Mayer1932,Chisholm,VIC,No,1983-03-05,1987-07-11,Defeated,,
McArthur1937,Corangamite,VIC,Yes,1984-02-18,2007-11-24,Defeated,,
McBride1892,Grey,SA,No,1931-12-19,1937-09-21,Retired,,
McBride1892,Wakefield,SA,No,1946-09-28,1958-10-14,Retired,,
McBride1975,Dobell,NSW,No,2016-07-02,,,,
McCall1908,Martin,NSW,No,1934-09-15,1943-08-21,Defeated,,
McCay1864,Corinella,VIC,No,1901-03-29,1906-12-12,Defeated,,
McClelland1875,Wimmera,VIC,No,1931-12-19,1937-10-23,Defeated,,
McClelland1958,Barton,NSW,No,1996-03-02,2013-08-05,Retired,,
McColl1844,Echuca,VIC,No,1901-03-29,1906-11-05,Retired,,
McColm1914,Bowman,QLD,No,1949-12-10,1961-12-09,Defeated,,
McCormack1964,Riverina,NSW,No,2010-08-21,,,,
McDonald1861,Kennedy,QLD,No,1901-03-30,1925-11-13,Died,,
McDonald1872,Barton,NSW,No,1922-12-16,1925-11-14,Defeated,,
McDonald1888,Corangamite,VIC,No,1940-09-21,1953-06-10,Died,,
McDougall1867,Wannon,VIC,No,1906-12-12,1913-05-31,Defeated,,
McDougall1946,Griffith,QLD,No,1996-03-02,1998-10-03,Defeated,,
McEacharn1852,Melbourne,VIC,No,1901-03-29,1903-12-16,Voided,,
McEwen1900,Echuca,VIC,No,1934-09-15,1937-10-23,Until elected for Indi,1,
McEwen1900,Indi,VIC,No,1937-10-23,1949-12-10,Until elected for Murray,1,
McEwen1900,Murray,VIC,No,1949-12-10,1971-02-01,Resigned,,
McFarlane1944,Stirling,WA,No,1998-10-03,2004-10-09,Defeated,,
McGauran1955,Gippsland,VIC,No,1983-03-05,2008-04-09,Resigned,,
McGowan1953,Indi,VIC,No,2013-09-07,2019-04-11,Retired,,Announced retirement 14 January 2019.
McGrath1872,Ballaarat,VIC,No,1913-05-31,1919-12-13,Defeated,,Ballarat from federal redistribution 1977
McGrath1872,Ballaarat,VIC,Yes,1920-07-10,1934-07-31,Died,,Ballarat from federal redistribution 1977
McGuren1909,Cowper,NSW,No,1961-12-09,1963-11-30,Defeated,,
McHugh1892,Wakefield,SA,Yes,1938-12-10,1940-09-21,Defeated,,
McHugh1934,Grayndler,NSW,No,1993-03-13,1996-01-29,Retired,,
McHugh1934,Phillip,NSW,No,1983-03-05,1993-03-13,Until elected for Grayndler,1,
McIntosh1977,Lindsay,NSW,,2019-05-18,,,,
McIvor1900,Gellibrand,VIC,No,1955-12-10,1972-11-02,Retired,,
McKenzie1933,Diamond Valley,VIC,No,1972-12-02,1975-12-13,Defeated,,
McKew1953,Bennelong,NSW,No,2007-11-24,2010-08-21,Defeated,,
McLachlan1936,Barker,SA,No,1990-03-24,1998-08-31,Retired,,
McLean1840,Gippsland,VIC,No,1901-03-29,1906-12-12,Defeated,,
McLean1863,Lang,NSW,No,1901-03-29,1903-11-23,Retired,,
McLean1944,Perth,WA,No,1975-12-13,1983-03-05,Defeated,,
McLeay1893,Boothby,SA,No,1949-12-10,1966-10-31,Retired,,
McLeay1922,Boothby,SA,No,1966-11-26,1981-01-22,Resigned,,
McLeay1945,Grayndler,NSW,Yes,1979-06-23,1993-03-13,Until elected for Watson,1,
McLeay1945,Watson,NSW,No,1993-03-13,2004-08-31,Retired,,
McLeod1892,Wannon,VIC,No,1940-09-21,1949-12-10,Defeated,,
McLeod1892,Wannon,VIC,No,1951-04-28,1955-11-04,Retired,,
McMahon1908,Lowe,NSW,No,1949-12-10,1982-01-04,Resigned,,
McMahon1930,Sydney,NSW,No,1975-12-13,1983-02-04,Retired,,
McMillan1850,Wentworth,NSW,No,1901-03-29,1903-11-23,Retired,,
McMullan1947,Canberra,ACT,No,1996-03-02,1998-10-03,Until elected for Fraser,1,
McMullan1947,Fraser,ACT,No,1998-10-03,2010-07-19,Retired,,
McNamara1964,Dobell,NSW,No,2013-09-07,2016-07-02,Defeated,,
McNeill1868,Wannon,VIC,No,1922-12-16,1925-11-14,Defeated,,
McNeill1868,Wannon,VIC,No,1929-10-12,1931-12-19,Defeated,,
McNeill1921,Canning,WA,No,1961-12-09,1963-11-30,Defeated,,
McNicoll1877,Goldstein,VIC,No,1984-12-01,1990-02-19,Retired,,
McNicoll1877,Werriwa,NSW,No,1931-12-19,1934-08-02,Resigned,,
McTiernan1892,Parkes,NSW,No,1929-10-12,1930-12-19,Resigned,,
McVeigh1930,Darling Downs,QLD,No,1972-12-02,1984-12-01,Until elected for Groom,1,
McVeigh1930,Groom,QLD,No,1984-12-01,1988-02-29,Resigned,,
McVeigh1965,Groom,QLD,No,2016-07-02,,,,
McWilliams1856,Franklin,TAS,No,1903-12-16,1922-12-16,Defeated,,
McWilliams1856,Franklin,TAS,No,1928-11-17,1929-10-22,Died,,
Melham1954,Banks,NSW,No,1990-03-24,2013-09-07,Defeated,,
Menzies1894,Kooyong,VIC,No,1934-09-15,1966-02-17,Resigned,,
Mildren1932,Ballarat,VIC,No,1980-10-18,1990-03-24,Defeated,,Ballaarat until federal redistribution 1977
Miles1947,Braddon,TAS,No,1984-12-01,1998-10-03,Defeated,,
Millar1925,Wide Bay,QLD,No,1974-05-18,1990-02-19,Retired,,
Milton1928,La Trobe,VIC,No,1980-10-18,1990-03-24,Defeated,,
Minogue1893,West Sydney,NSW,No,1949-12-10,1969-06-26,Retired,,
Mirabella1968,Indi,VIC,No,2001-11-10,2013-09-07,Defeated,,
MitchellBrian1967,Lyons,TAS,No,2016-07-02,,,,
MitchellRobert1967,McEwen,VIC,No,2010-08-21,,,,
Moloney1876,Hume,NSW,No,1919-12-13,1931-12-19,Defeated,,
Moloney1876,Indi,VIC,No,1910-04-13,1913-05-31,Defeated,,
Moloney1876,Indi,VIC,No,1914-09-05,1917-05-05,Defeated,,
Monaghan1921,Evans,NSW,No,1961-12-09,1963-11-30,Defeated,,
Moore1936,Ryan,QLD,No,1975-12-13,2001-02-05,Resigned,,
Morgan1881,Darling Downs,QLD,No,1929-10-12,1931-12-19,Defeated,,
Morgan1897,Reid,NSW,No,1940-09-21,1946-09-28,Defeated,,
Morgan1897,Reid,NSW,No,1949-12-10,1958-11-22,Defeated,,
Morris1932,Shortland,NSW,No,1972-12-02,1998-08-31,Retired,,
Morris1940,Newcastle,NSW,No,1983-03-05,2001-10-08,Retired,,
Morrison1928,St George,NSW,No,1969-10-25,1975-12-13,Defeated,,
Morrison1928,St George,NSW,No,1980-10-18,1984-10-26,Retired,,
Morrison1968,Cook,NSW,No,2007-11-24,,,,
Mortimer1912,Grey,SA,Yes,1963-06-01,1966-11-26,Defeated,,
Morton1981,Tangney,WA,No,2016-07-02,,,,
Mossfield1935,Greenway,NSW,No,1996-03-02,2004-08-31,Retired,,
Mountford1933,Banks,NSW,No,1980-10-18,1990-02-19,Retired,,
Mountjoy1906,Swan,WA,No,1943-08-21,1946-09-28,Defeated,,
Moylan1944,Pearce,WA,No,1993-03-13,2013-08-05,Retired,,
Mulcahy1882,Lang,NSW,No,1934-09-15,1953-07-13,Died,,
Mulder1928,Evans,NSW,No,1972-12-02,1975-12-13,Defeated,,
Mulino1969,Fraser,VIC,,2019-05-18,,,,
Mullens1896,Gellibrand,VIC,No,1949-12-10,1955-12-10,Defeated,,
Munro1930,Eden-Monaro,NSW,No,1966-11-26,1969-10-25,Defeated,,
Murphy1950,Lowe,NSW,No,1998-10-03,2010-08-21,Until elected for Reid,1,
Murphy1950,Reid,NSW,No,2010-08-21,2013-09-07,Defeated,,
Murphy1973,Dunkley,VIC,,2019-05-18,,,,
Murray1915,Herbert,QLD,No,1958-11-22,1961-12-09,Defeated,,
Mutch1956,Cook,NSW,No,1996-03-02,1998-08-31,Retired,,
Nairn1879,Perth,WA,No,1929-10-12,1943-08-21,Defeated,,
Nairn1951,Eden-Monaro,NSW,No,1996-03-02,2007-11-24,Defeated,,
Neal1963,Robertson,NSW,No,2007-11-24,2010-07-19,Retired,,
Nehl1934,Cowper,NSW,No,1984-12-01,2001-10-08,Retired,,
Neil1944,St George,NSW,No,1975-12-13,1980-10-18,Defeated,,
Nelson1881,Northern Territory,NT,No,1922-12-16,1934-09-15,Defeated,,
Nelson1908,Northern Territory,NT,No,1949-12-10,1966-10-31,Retired,,
Nelson1958,Bradfield,NSW,No,1996-03-02,2009-10-19,Resigned,,
Neumann1961,Blair,QLD,No,2007-11-24,,,,
Neville1940,Hinkler,QLD,No,1993-03-13,2013-08-05,Retired,,
Newell1952,Richmond,NSW,No,1990-03-24,1996-03-02,Defeated,,
Newman1933,Bass,TAS,Yes,1975-06-28,1984-10-26,Retired,,
Nicholls1885,Macquarie,NSW,No,1917-05-05,1922-12-16,Defeated,,
Nicholls1917,Bonython,SA,No,1963-11-30,1977-09-30,Resigned,,
Nikolic1961,Bass,TAS,No,2013-09-07,2016-07-02,Defeated,,
Nixon1928,Gippsland,VIC,No,1961-12-09,1983-02-04,Retired,,
Nock1879,Riverina,NSW,No,1931-12-19,1940-09-21,Defeated,,
Nott1888,Australian Capital Territory,ACT,No,1949-12-10,1951-04-28,Defeated,,
Nott1888,Herbert,QLD,No,1925-11-14,1928-11-17,Defeated,,
Nugent1938,Aston,VIC,No,1990-03-24,2001-04-24,Died,,
Oakeshott1969,Lyne,NSW,Yes,2008-09-06,2013-08-05,Retired,,
OBrien1926,Petrie,QLD,No,1961-12-09,1963-11-30,Defeated,,
OBrien1972,Wide Bay,QLD,No,2016-07-02,,,,
OBrien1974,Fairfax,QLD,No,2016-07-02,,,,
OByrne1968,Bass,TAS,No,1998-10-03,2004-10-09,Defeated,,
OConnor1910,Dalley,NSW,No,1955-12-10,1969-09-29,Retired,,
OConnor1910,Martin,NSW,No,1949-12-10,1955-12-10,Until elected for Dalley,1,
OConnor1910,West Sydney,NSW,No,1946-09-28,1949-12-10,Until elected for Martin,1,
OConnor1947,Corio,VIC,No,1993-03-13,2007-11-24,Defeated,,
OConnor1962,Burke,VIC,No,2001-11-10,2004-10-09,Until elected for Gorton,1,
OConnor1962,Gorton,VIC,No,2004-10-09,,,,
ODowd1950,Flynn,QLD,No,2010-08-21,,,,
ODwyer1977,Higgins,VIC,Yes,2009-12-05,2019-04-11,,,Announced retirement 19 January 2019.
OKeefe1864,Denison,TAS,No,1922-12-16,1925-11-14,Defeated,,
OKeefe1912,Paterson,NSW,No,1969-10-25,1984-10-26,Retired,,
OKeefe1947,Burke,VIC,No,1984-12-01,2001-10-08,Retired,,
Oldmeadow1924,Holt,VIC,No,1972-12-02,1975-12-13,Defeated,,
Olley1927,Hume,NSW,No,1972-12-02,1974-05-18,Defeated,,
OMalley1854,Darwin,TAS,No,1903-12-16,1917-05-05,Defeated,,Name of Darwin electorate changed to Braddon by resolution of Parliament following the redistribution of electoral boundaries 1955.
OMalley1854,Tasmania,TAS,No,1901-03-29,1903-12-16,Until elected for Darwin,1,
ONeil1937,Grey,SA,No,1983-03-05,1993-02-08,Retired,,
ONeil1980,Hotham,VIC,No,2013-09-07,,,,
ONeill1961,Robertson,NSW,No,2010-08-21,2013-09-07,Defeated,,
Opperman1904,Corio,VIC,No,1949-12-10,1967-06-10,Resigned,,
Orchard1871,Nepean,NSW,No,1913-05-31,1919-11-03,Retired,,
Organ1956,Cunningham,NSW,Yes,2002-10-19,2004-10-09,Defeated,,
Osborne1909,Evans,NSW,No,1949-12-10,1961-12-09,Defeated,,
OToole1956,Herbert,QLD,No,2016-07-02,2019-05-18,Defeated,,
Owens1958,Parramatta,NSW,No,2004-10-09,,,,
Ozanne1877,Corio,VIC,No,1910-04-13,1913-05-31,Defeated,,
Ozanne1877,Corio,VIC,No,1914-09-05,1917-05-05,Defeated,,
Page1861,Maranoa,QLD,No,1901-03-30,1921-06-03,Died,,
Page1880,Cowper,NSW,No,1919-12-13,1961-12-09,Defeated,,
Palmer1859,Echuca,VIC,No,1906-12-12,1907-06-10,Voided,,
Palmer1859,Echuca,VIC,Yes,1907-07-10,1919-08-14,Died,,
Palmer1954,Fairfax,QLD,No,2013-09-07,2016-05-09,Retired,,
Parke1966,Fremantle,WA,No,2007-11-24,2016-05-09,Retired,,
Parkhill1879,Warringah,NSW,Yes,1927-05-21,1937-10-23,Defeated,,
Parsons1881,Angas,SA,No,1925-11-14,1929-10-12,Defeated,,
Pasin1977,Barker,SA,No,2013-09-07,,,,
Paterson1844,Capricornia,QLD,No,1901-03-30,1903-11-23,Retired,,
Paterson1882,Gippsland,VIC,No,1922-12-16,1943-07-07,Retired,,
Patten1859,Hume,NSW,No,1913-05-31,1917-03-26,Retired,,
Patterson1927,Dawson,QLD,Yes,1966-02-26,1975-12-13,Defeated,,
Payne1982,Canberra,ACT,,2019-05-18,,,,
Peacock1939,Kooyong,VIC,Yes,1966-04-02,1994-09-17,Resigned,,
Pearce,Braddon,TAS,,2019-05-18,,,,
Pearce1917,Capricornia,QLD,No,1949-12-10,1961-12-09,Defeated,,
Pearce1963,Aston,VIC,Yes,2001-07-14,2010-07-19,Retired,,
Pearsall1920,Franklin,TAS,No,1966-11-26,1969-10-25,Defeated,,
Perkins1878,Eden-Monaro,NSW,Yes,1926-03-06,1929-10-12,Defeated,,
Perkins1878,Eden-Monaro,NSW,No,1931-12-19,1943-08-21,Defeated,,
Perrett1966,Moreton,QLD,No,2007-11-24,,,,
Peters1897,Burke,VIC,No,1949-12-10,1955-12-10,Until elected for Scullin,1,
Peters1897,Scullin,VIC,No,1955-12-10,1969-09-29,Retired,,
Pettitt1910,Hume,NSW,No,1963-11-30,1972-12-02,Defeated,,
Phelps1957,Wentworth,NSW,Yes,2018-10-20,2019-05-18,Defeated,,
Phillips,Gilmore,NSW,,2019-05-18,,,,
Phillips1855,Wimmera,VIC,No,1901-03-29,1906-11-05,Retired,,
Piesse1848,Tasmania,TAS,No,1901-03-29,1902-03-06,Died,,
Pigott1866,Calare,NSW,No,1913-05-31,1919-12-13,Defeated,,
Pitt1969,Hinkler,QLD,No,2013-09-07,,,,
Pittard1902,Ballaarat,VIC,No,1949-12-10,1951-04-28,Defeated,,Ballarat from federal redistribution 1977
Plibersek1969,Sydney,NSW,No,1998-10-03,,,,
Pollard1894,Ballaarat,VIC,No,1937-10-23,1949-12-10,Until elected for Lalor,1,Ballarat from federal redistribution 1977
Pollard1894,Lalor,VIC,No,1949-12-10,1966-11-26,Defeated,,
Porter1950,Barker,SA,No,1975-12-13,1990-02-19,Retired,,
Porter1970,Pearce,WA,No,2013-09-07,,,,
Poynton1853,Grey,SA,No,1903-12-16,1922-12-16,Defeated,,
Poynton1853,South Australia,SA,No,1901-03-30,1903-12-16,Until elected for Grey,1,
Pratt1948,Adelaide,SA,Yes,1988-02-06,1990-03-24,Defeated,,
Pratten1865,Martin,NSW,No,1922-12-16,1928-05-07,Died,,
Pratten1865,Parramatta,NSW,Yes,1921-12-10,1922-12-16,Until elected for Martin,1,
Pratten1899,Martin,NSW,Yes,1928-06-16,1929-10-12,Defeated,,
Prentice1953,Ryan,QLD,No,2010-08-21,2019-04-11,Lost preseelction,,Lost preselection 12 May 2018.
Price1882,Boothby,SA,No,1928-11-17,1941-04-23,Died,,
Price1892,Boothby,SA,Yes,1941-05-24,1943-08-21,Defeated,,
Price1945,Chifley,NSW,No,1984-12-01,2010-07-19,Retired,,
Price1963,Durack,WA,No,2013-09-07,,,,
Prosser1948,Forrest,WA,No,1987-07-11,2007-10-17,Retired,,
Prowse1871,Forrest,WA,No,1922-12-16,1943-08-21,Defeated,,
Prowse1871,Swan,WA,No,1919-12-13,1922-12-16,Until elected for Forrest,1,
Punch1957,Barton,NSW,No,1983-03-05,1996-01-29,Retired,,
Pyne1967,Sturt,SA,No,1993-03-13,2019-04-11,Retired,,Announced retirement 2 March 2019.
Quick1852,Bendigo,VIC,No,1901-03-29,1913-05-31,Defeated,,
Quick1941,Franklin,TAS,No,1993-03-13,2007-10-17,Retired,,
Raguse1960,Forde,QLD,No,2007-11-24,2010-08-21,Defeated,,
Ramsey1956,Grey,SA,No,2007-11-24,,,,
Randall1953,Canning,WA,No,2001-11-10,2015-07-21,Died,,
Randall1953,Swan,WA,No,1996-03-02,1998-10-03,Defeated,,
Rankin1887,Bendigo,VIC,No,1937-10-23,1949-10-31,Retired,,
Rea1963,Bonner,QLD,No,2007-11-24,2010-08-21,Defeated,,
Reeves1952,Northern Territory,NT,No,1983-03-05,1984-12-01,Defeated,,
Reid1845,East Sydney,NSW,No,1901-03-29,1903-08-18,Resigned,,
Reid1845,East Sydney,NSW,Yes,1903-09-04,1909-12-24,Resigned,,
Reid1916,Holt,VIC,No,1969-10-25,1972-12-02,Defeated,,
ReidNicholas1935,Bendigo,VIC,No,1990-03-24,1998-08-31,Retired,,
Reith1950,Flinders,VIC,Yes,1982-12-04,1983-03-05,Defeated,,
Reith1950,Flinders,VIC,No,1984-12-01,2001-10-08,Retired,,
Reynolds1923,Barton,NSW,No,1958-11-22,1966-11-26,Defeated,,
Reynolds1923,Barton,NSW,No,1969-10-25,1975-11-11,Retired,,
Richardson1939,Tangney,WA,No,1975-12-13,1977-11-10,Retired,,
Richardson1958,Kingston,SA,No,2004-10-09,2007-11-24,Defeated,,
Riggall1941,McMillan,VIC,No,1990-03-24,1993-03-13,Defeated,,
Riley1859,South Sydney,NSW,No,1910-04-13,1931-12-19,Defeated,,
Riley1892,Cook,NSW,No,1922-12-16,1934-09-15,Defeated,,
Riordan1886,Kennedy,QLD,No,1929-10-12,1936-10-15,Died,,
Riordan1908,Kennedy,QLD,Yes,1936-12-12,1966-10-31,Retired,,
Riordan1930,Phillip,NSW,No,1972-12-02,1975-12-13,Defeated,,
Ripoll1966,Oxley,QLD,No,1998-10-03,2016-05-09,Retired,,
Rishworth1978,Kingston,SA,No,2007-11-24,,,,
Robb1951,Goldstein,VIC,No,2004-10-09,2016-05-09,Retired,,
Robert1970,Fadden,QLD,No,2007-11-24,,,,
Roberton1900,Riverina,NSW,No,1949-12-10,1965-01-21,Resigned,,
Roberts1869,Adelaide,SA,Yes,1908-06-13,1913-12-02,Died,,
Robinson1872,Wannon,VIC,No,1903-12-16,1906-12-12,Defeated,,
Robinson1927,Cowper,NSW,No,1963-11-30,1984-12-01,Until elected for Page,1,
Robinson1927,Page,NSW,No,1984-12-01,1990-03-24,Defeated,,
Robinson1929,McPherson,QLD,No,1972-12-02,1981-01-07,Died,,
Rocher1936,Curtin,WA,Yes,1981-02-21,1998-10-03,Defeated,,
Rodgers1875,Wannon,VIC,No,1913-05-31,1922-12-16,Defeated,,
Rodgers1875,Wannon,VIC,No,1925-11-14,1929-10-12,Defeated,,
Ronald1861,Southern Melbourne,VIC,No,1901-03-29,1906-12-12,Defeated,,
Ronaldson1954,Ballarat,VIC,No,1990-03-24,2001-10-08,Retired,,Ballaarat until federal redistribution 1977
Rosevear1892,Dalley,NSW,No,1931-12-19,1953-03-21,Died,,
Rowe1872,Parramatta,NSW,No,1929-10-12,1931-12-19,Defeated,,
Rowland1971,Greenway,NSW,No,2010-08-21,,,,
Roxon1967,Gellibrand,VIC,No,1998-10-03,2013-08-05,Retired,,
Roy1990,Longman,QLD,No,2010-08-21,2016-07-02,Defeated,,
Rudd1957,Griffith,QLD,No,1998-10-03,2013-11-22,Resigned,,
Ruddock1943,Berowra,NSW,No,1993-03-13,2016-05-09,Retired,,
Ruddock1943,Dundas,NSW,No,1977-12-10,1993-03-13,Until elected for Berowra,1,
Ruddock1943,Parramatta,NSW,Yes,1973-09-22,1977-12-10,Until elected for Dundas,1,
Russell1890,Grey,SA,No,1943-08-21,1963-03-31,Died,,
Russell1907,Maranoa,QLD,No,1949-12-10,1951-04-28,Defeated,,
Ryan1876,West Sydney,NSW,No,1919-12-13,1921-08-01,Died,,
Ryan1884,Flinders,VIC,No,1940-09-21,1952-08-26,Died,,
Ryan1961,Lalor,VIC,No,2013-09-07,,,,
Ryrie1865,North Sydney,NSW,Yes,1911-03-11,1922-12-16,Until elected for Warringah,1,
Ryrie1865,Warringah,NSW,No,1922-12-16,1927-04-13,Resigned,,
Saffin1954,Page,NSW,No,2007-11-24,2013-09-07,Defeated,,
Sainsbury1940,Eden-Monaro,NSW,No,1975-12-13,1983-03-05,Defeated,,
Salmon1861,Grampians,VIC,Yes,1915-02-20,1917-09-15,Died,,
Salmon1861,Laanecoorie,VIC,No,1901-03-29,1913-04-23,Retired,,
Sampson1863,Wimmera,VIC,No,1906-12-12,1919-12-13,Defeated,,
Saunderson1948,Aston,VIC,No,1984-12-01,1990-03-24,Defeated,,
Saunderson1948,Deakin,VIC,No,1983-03-05,1984-12-01,Until elected for Aston,1,
Sawers1844,New England,NSW,No,1901-03-29,1903-12-16,Defeated,,
Sawford1944,Port Adelaide,SA,Yes,1988-03-26,2007-10-17,Retired,,
Scholes1931,Corio,VIC,Yes,1967-07-22,1993-02-08,Retired,,
Scholfield1894,Wannon,VIC,No,1931-12-19,1940-09-21,Defeated,,
Schultz1939,Hume,NSW,No,1998-10-03,2013-08-05,Retired,,
Sciacca1947,Bowman,QLD,No,1987-07-11,1996-03-02,Defeated,,
Sciacca1947,Bowman,QLD,No,1998-10-03,2004-10-09,Defeated,,
Scott1934,Hindmarsh,SA,No,1980-10-18,1993-02-08,Retired,,
Scott1943,Maranoa,QLD,No,1990-03-24,2016-05-09,Retired,,
Scott1947,Oxley,QLD,Yes,1988-10-08,1996-03-02,Defeated,,
Scott1977,Lindsay,NSW,No,2013-09-07,2016-07-02,Defeated,,
Scullin1876,Corangamite,VIC,No,1910-04-13,1913-05-31,Defeated,,
Scullin1876,Yarra,VIC,Yes,1922-02-18,1949-10-31,Retired,,
Scully1890,Gwydir,NSW,Yes,1937-05-08,1949-12-10,Defeated,,
Seabrook1867,Franklin,TAS,No,1922-12-16,1928-11-17,Defeated,,
Secker1956,Barker,SA,No,1998-10-03,2013-08-05,Retired,,
Sercombe1949,Maribyrnong,VIC,No,1996-03-02,2007-10-17,Retired,,
Sexton1905,Adelaide,SA,No,1958-11-22,1966-11-26,Defeated,,
Shack1953,Tangney,WA,No,1977-12-10,1983-03-05,Defeated,,
Shack1953,Tangney,WA,No,1984-12-01,1993-02-08,Retired,,
Sharkie1972,Mayo,SA,No,2016-07-02,,,,
Sharma1975,Wentworth,NSW,,2019-05-18,,,,
Sharp1954,Gilmore,NSW,No,1984-12-01,1993-03-13,Until elected for Hume,1,
Sharp1954,Hume,NSW,No,1993-03-13,1998-08-31,Retired,,
Sharpe1868,Oxley,QLD,No,1913-05-31,1917-05-05,Defeated,,
Shaw1913,Dawson,QLD,No,1963-11-30,1966-01-09,Died,,
Sheehan1891,Cook,NSW,No,1937-10-23,1955-03-26,Died,,
Sheehy1899,Boothby,SA,No,1943-08-21,1949-12-10,Defeated,,
Sherry1924,Franklin,TAS,No,1969-10-25,1975-12-13,Defeated,,
Shipton1936,Higgins,VIC,No,1975-12-13,1990-02-19,Retired,,
Short1936,Ballaarat,VIC,No,1975-12-13,1980-10-18,Defeated,,Ballarat from federal redistribution 1977
Short1956,Ryan,QLD,Yes,2001-03-17,2001-11-10,Defeated,,
Shorten1967,Maribyrnong,VIC,No,2007-11-24,,,,
Sidebottom1951,Braddon,TAS,No,1998-10-03,2004-10-09,Defeated,,
Sidebottom1951,Braddon,TAS,No,2007-11-24,2013-09-07,Defeated,,
Simmonds,Ryan,QLD,,2019-05-18,,,,
Simmons1947,Calare,NSW,No,1983-03-05,1996-01-29,Retired,,
Simon1936,McMillan,VIC,No,1975-12-13,1980-10-18,Defeated,,
Simpkins1964,Cowan,WA,No,2007-11-24,2016-07-02,Defeated,,
Sinclair1864,Moreton,QLD,No,1906-12-12,1919-11-03,Retired,,
Sinclair1929,New England,NSW,No,1963-11-30,1998-08-31,Retired,,
Skene1845,Grampians,VIC,No,1901-03-29,1906-11-08,Retired,,
Slipper1950,Fisher,QLD,No,1984-12-01,1987-07-11,Defeated,,
Slipper1950,Fisher,QLD,No,1993-03-13,2013-09-07,Defeated,,
Smith1851,Parkes,NSW,No,1901-03-29,1919-12-13,Defeated,,
Smith1856,Macquarie,NSW,No,1901-03-29,1906-12-12,Defeated,,
Smith1881,Wakefield,SA,No,1943-08-21,1946-09-28,Defeated,,
Smith1939,Bass,TAS,No,1993-03-13,1996-03-02,Defeated,,
Smith1950,Dickson,QLD,No,1996-03-02,1998-10-03,Defeated,,
Smith1954,Bass,TAS,No,1984-12-01,1993-03-13,Defeated,,
Smith1954,Bass,TAS,No,1996-03-02,1998-10-03,Defeated,,
Smith1955,Perth,WA,No,1993-03-13,2013-08-05,Retired,,
Smith1967,Casey,VIC,No,2001-11-10,,,,
Smith1970,Bean,ACT,,2019-05-18,,,,
SmithWilliam1869,Denison,TAS,No,1910-04-13,1922-12-16,Defeated,,
Smyth1959,Canberra,ACT,Yes,1995-03-25,1996-03-02,Defeated,,
Smyth1976,La Trobe,VIC,No,2010-08-21,2013-09-07,Defeated,,
Snedden1926,Bruce,VIC,No,1955-12-10,1983-04-21,Resigned,,
Snow1934,Eden-Monaro,NSW,No,1983-03-05,1996-03-02,Defeated,,
Snowdon1950,Lingiari,NT,No,2001-11-10,,,,
Snowdon1950,Northern Territory,NT,No,1987-07-11,1996-03-02,Defeated,,
Snowdon1950,Northern Territory,NT,No,1998-10-03,2001-11-10,Until elected for Lingiari,1,
Solomon1839,Fremantle,WA,No,1901-03-29,1903-12-16,Defeated,,
Solomon1853,South Australia,SA,No,1901-03-30,1903-12-16,Defeated,,
Solomon1931,Denison,TAS,No,1969-10-25,1972-12-02,Defeated,,
Somlyay1946,Fairfax,QLD,No,1990-03-24,2013-08-05,Retired,,
Southcott1967,Boothby,SA,No,1996-03-02,2016-05-09,Retired,,
Spence1846,Darling,NSW,No,1901-03-29,1917-05-05,Defeated,,
Spence1846,Darwin,TAS,Yes,1917-06-30,1919-12-13,Defeated,,Name of Darwin electorate changed to Braddon by resolution of Parliament following the redistribution of electoral boundaries 1955.
Spender1897,Warringah,NSW,No,1937-10-23,1951-03-19,Retired,,
Spender1935,North Sydney,NSW,No,1980-10-18,1990-03-24,Defeated,,
Spooner1891,Robertson,NSW,No,1940-09-21,1943-08-21,Defeated,,
Spurr1897,Wilmot,TAS,Yes,1939-05-27,1940-09-21,Defeated,,
Stacey1879,Adelaide,SA,No,1931-12-19,1943-08-21,Defeated,,
Staley1939,Chisholm,VIC,Yes,1970-09-19,1980-09-19,Retired,,
Stanley1961,Werriwa,NSW,No,2016-07-02,,,,
Staples1947,Diamond Valley,VIC,No,1983-03-05,1984-12-01,Until elected for Jagajaga,1,
Staples1947,Jagajaga,VIC,No,1984-12-01,1996-01-29,Retired,,
StClair1949,New England,NSW,No,1998-10-03,2001-11-10,Defeated,,
Steedman1943,Casey,VIC,No,1983-03-05,1984-12-01,Defeated,,
Steggall1974,Warringah,NSW,,2019-05-18,,,,
Stevens1983,Sturt,SA,,2019-05-18,,,,
Stewart1884,Parramatta,NSW,No,1931-12-19,1946-08-16,Retired,,
Stewart1885,Wimmera,VIC,No,1919-12-13,1931-10-14,Died,,
Stewart1923,Grayndler,NSW,No,1977-12-10,1979-04-16,Died,,
Stewart1923,Lang,NSW,Yes,1953-08-29,1977-12-10,Until elected for Grayndler,1,
StJohn1916,Warringah,NSW,No,1966-11-26,1969-10-25,Defeated,,
Stokes1906,Maribyrnong,VIC,No,1955-12-10,1969-10-25,Defeated,,
Stone1951,Murray,VIC,No,1996-03-02,2016-05-09,Retired,,
Storrer1854,Bass,TAS,No,1903-12-16,1910-04-13,Defeated,,
Story1857,Boothby,SA,No,1917-05-05,1922-12-16,Defeated,,
Street1894,Corangamite,VIC,No,1934-09-15,1940-08-13,Died,,
Street1926,Corangamite,VIC,No,1966-11-26,1984-01-18,Resigned,,
Stumm1853,Lilley,QLD,No,1913-05-31,1917-03-26,Retired,,
Sudmalis1955,Gilmore,NSW,No,2013-09-07,2019-04-11,Retired,,Announced retirement 17 September 2018.
Sukkar1981,Deakin,VIC,No,2013-09-07,,,,
Sullivan1929,Riverina,NSW,No,1974-05-18,1977-12-10,Defeated,,
Sullivan1942,Moncrieff,QLD,No,1984-12-01,2001-10-08,Retired,,
Sullivan1950,Longman,QLD,No,2007-11-24,2010-08-21,Defeated,,
Swan1954,Lilley,QLD,No,1993-03-13,1996-03-02,Defeated,,
Swan1954,Lilley,QLD,No,1998-10-03,2019-04-11,,,Announced retirement 10 February 2018.
Swanson1970,Paterson,NSW,No,2016-07-02,,,,
Swartz1911,Darling Downs,QLD,No,1949-12-10,1972-11-02,Retired,,
Symon1965,Deakin,VIC,No,2007-11-24,2013-09-07,Defeated,,
Tambling1943,Northern Territory,NT,No,1980-10-18,1983-03-05,Defeated,,
Tanner1956,Melbourne,VIC,No,1993-03-13,2010-07-19,Retired,,
Taylor1938,Groom,QLD,Yes,1988-04-09,1998-08-31,Retired,,
Taylor1966,Hume,NSW,No,2013-09-07,,,,
Tehan1968,Wannon,VIC,No,2010-08-21,,,,
Templeman1963,Macquarie,NSW,No,2016-07-02,,,,
Theodore1884,Dalley,NSW,Yes,1927-02-26,1931-12-19,Defeated,,
Theophanous1946,Burke,VIC,No,1980-10-18,1984-12-01,Until elected for Calwell,1,
Theophanous1946,Calwell,VIC,No,1984-12-01,2001-11-10,Defeated,,
Thistlethwaite1972,Kingsford Smith,NSW,No,2013-09-07,,,,Same as Kingsford-Smith - name was changed in 2001
Thomas1863,Barrier,NSW,No,1901-03-29,1917-03-26,Retired,,
Thompson1885,New England,NSW,No,1922-12-16,1940-09-21,Defeated,,
Thompson1886,Hindmarsh,SA,No,1946-09-28,1949-12-10,Until elected for Port Adelaide,1,
Thompson1886,Port Adelaide,SA,No,1949-12-10,1963-11-01,Retired,,
Thompson1960,Blair,QLD,No,1998-10-03,2007-11-24,Defeated,,
Thompson1988,Herbert,QLD,,2019-05-18,,,,
Thomson1848,North Sydney,NSW,No,1901-03-29,1910-02-19,Retired,,
Thomson1856,Capricornia,QLD,No,1903-12-16,1906-12-12,Defeated,,
Thomson1862,Cowper,NSW,No,1906-12-12,1919-12-13,Defeated,,
Thomson1924,Leichhardt,QLD,No,1975-12-13,1983-03-05,Defeated,,
Thomson1955,Wills,VIC,No,1996-03-02,2016-05-09,Retired,,
Thomson1961,Wentworth,NSW,Yes,1995-04-08,2001-10-08,Retired,,
Thomson1964,Dobell,NSW,No,2007-11-24,2013-09-07,Defeated,,
Thorburn1930,Cook,NSW,No,1972-12-02,1975-12-13,Defeated,,
Thorby1888,Calare,NSW,No,1931-12-19,1940-09-21,Defeated,,
Thwaites1980,Jagajaga,VIC,,2019-05-18,,,,
Ticehurst1945,Dobell,NSW,No,2001-11-10,2007-11-24,Defeated,,
Tickner1951,Hughes,NSW,Yes,1984-02-18,1996-03-02,Defeated,,
Timson1909,Higinbotham,VIC,No,1949-12-10,1960-10-16,Died,,
Tollner1966,Solomon,NT,No,2001-11-10,2007-11-24,Defeated,,
Townley1907,Denison,TAS,No,1949-12-10,1963-12-24,Died,,
Treloar1892,Gwydir,NSW,No,1949-12-10,1953-11-15,Died,,
Trevor1961,Flynn,QLD,No,2007-11-24,2010-08-21,Defeated,,
Truss1948,Wide Bay,QLD,No,1990-03-24,2016-05-09,Retired,,
Tuckey1935,O'Connor,WA,No,1980-10-18,2010-08-21,Defeated,,
Tudge1971,Aston,VIC,No,2010-08-21,,,,
Tudor1866,Yarra,VIC,No,1901-03-29,1922-01-10,Died,,
Tully1877,Barton,NSW,No,1928-11-17,1931-12-19,Defeated,,
Turnbull1899,Mallee,VIC,No,1949-12-10,1972-11-02,Retired,,
Turnbull1899,Wimmera,VIC,Yes,1946-02-09,1949-12-10,Until elected for Mallee,1,
Turnbull1954,Wentworth,NSW,No,2004-10-09,2018-08-31,Resigned,,
Turner1851,Balaclava,VIC,No,1901-03-29,1906-11-08,Retired,,
Turner1905,Bradfield,NSW,Yes,1952-12-20,1974-04-11,Retired,,
Turnour1966,Leichhardt,QLD,No,2007-11-24,2010-08-21,Defeated,,
Uren1921,Reid,NSW,No,1958-11-22,1990-02-19,Retired,,
Vaile1956,Lyne,NSW,No,1993-03-13,2008-07-30,Resigned,,
Vale1944,Hughes,NSW,No,1996-03-02,2010-07-19,Retired,,
Vamvakinou1959,Calwell,VIC,No,2001-11-10,,,,
vanManen1965,Forde,QLD,No,2010-08-21,,,,
Varvaris1974,Barton,NSW,No,2013-09-07,2016-07-02,Defeated,,
Vasta1966,Bonner,QLD,No,2004-10-09,2007-11-24,Defeated,,
Vasta1966,Bonner,QLD,No,2010-08-21,,,,
Viner1933,Stirling,WA,No,1972-12-02,1983-03-05,Defeated,,
Wakelin1946,Grey,SA,No,1993-03-13,2007-10-17,Retired,,
Walker1942,Robertson,NSW,No,1990-03-24,1996-03-02,Defeated,,
Wallace1881,West Sydney,NSW,No,1917-05-05,1919-12-13,Defeated,,
Wallace1968,Fisher,QLD,No,2016-07-02,,,,
Wallis1922,Grey,SA,No,1969-10-25,1983-02-04,Retired,,
Ward1899,East Sydney,NSW,Yes,1931-03-07,1931-12-19,Defeated,,
Ward1899,East Sydney,NSW,Yes,1932-02-06,1963-07-31,Died,,
Washer1945,Moore,WA,No,1998-10-03,2013-08-05,Retired,,
Watkins1865,Newcastle,NSW,No,1901-03-29,1935-04-08,Died,,
Watkins1896,Newcastle,NSW,Yes,1935-06-01,1958-10-14,Retired,,
Watson1864,Fremantle,WA,No,1922-12-16,1928-10-09,Retired,,
Watson1864,Fremantle,WA,No,1931-12-19,1934-08-07,Retired,,
Watson1867,Bland,NSW,No,1901-03-29,1906-12-12,Until elected for South Sydney,1,
Watson1867,South Sydney,NSW,No,1906-12-12,1910-02-19,Retired,,
Watson1945,Forde,QLD,No,1984-12-01,1987-07-11,Defeated,,
Watt1871,Balaclava,VIC,No,1914-09-05,1929-07-05,Resigned,,
Watts1982,Gellibrand,VIC,No,2013-09-07,,,,
Webb1908,Stirling,WA,No,1955-12-10,1958-11-22,Defeated,,
Webb1908,Stirling,WA,No,1961-12-09,1972-12-02,Defeated,,
Webb1908,Swan,WA,No,1954-05-29,1955-12-10,Until elected for Stirling,1,
Webster,Mallee,VIC,,2019-05-18,,,,
Webster1860,Gwydir,NSW,No,1903-12-16,1919-12-13,Defeated,,
Webster1934,Macquarie,NSW,No,1984-12-01,1993-03-13,Defeated,,
Wells,Lilley,QLD,,2019-05-18,,,,
Wells1949,Petrie,QLD,No,1983-03-05,1984-12-01,Defeated,,
Wentworth1907,Mackellar,NSW,No,1949-12-10,1977-11-10,Retired,,
West1852,East Sydney,NSW,No,1910-04-13,1931-02-05,Died,,
West1934,Cunningham,NSW,Yes,1977-10-15,1993-02-08,Retired,,
West1952,Bowman,QLD,No,1996-03-02,1998-10-03,Defeated,,
Whan1933,Eden-Monaro,NSW,No,1972-12-02,1975-12-13,Defeated,,
Wheeler1909,Mitchell,NSW,No,1949-12-10,1961-12-09,Defeated,,
White1888,Balaclava,VIC,Yes,1929-08-03,1951-06-20,Resigned,,
White1936,McPherson,QLD,Yes,1981-02-21,1990-02-19,Retired,,
Whiteley1960,Braddon,TAS,No,2013-09-07,2016-07-02,Defeated,,
Whitlam1916,Werriwa,NSW,Yes,1952-11-29,1978-07-31,Resigned,,
Whitlam1944,Grayndler,NSW,No,1975-12-13,1977-11-10,Retired,,
Whitsitt1869,Darwin,TAS,No,1922-12-16,1925-10-03,Retired,,Name of Darwin electorate changed to Braddon by resolution of Parliament following the redistribution of electoral boundaries 1955.
Whittorn1911,Balaclava,VIC,Yes,1960-07-16,1974-04-11,Retired,,
Wicks1973,Robertson,NSW,No,2013-09-07,,,,
Wienholt1877,Moreton,QLD,No,1919-12-13,1922-11-06,Retired,,
Wight1914,Lilley,QLD,No,1949-12-10,1961-12-09,Defeated,,
Wilkie1959,Swan,WA,No,1998-10-03,2007-11-24,Defeated,,
Wilkie1961,Denison,TAS,No,2010-08-21,,,,
Wilkinson1854,Moreton,QLD,No,1901-03-30,1906-12-12,Defeated,,
Wilks1863,Dalley,NSW,No,1901-03-29,1910-04-13,Defeated,,
Williams1897,Robertson,NSW,No,1943-08-21,1949-12-10,Defeated,,
Williams1942,Tangney,WA,No,1993-03-13,2004-08-31,Retired,,
Williams1973,Hindmarsh,SA,No,2013-09-07,2016-07-02,Defeated,,
Willis1860,Robertson,NSW,No,1901-03-29,1910-04-13,Defeated,,
Willis1938,Gellibrand,VIC,No,1972-12-02,1998-08-31,Retired,,
Wilson1863,Corangamite,VIC,No,1903-12-16,1910-04-13,Defeated,,
Wilson1880,Wimmera,VIC,No,1937-10-23,1945-12-31,Resigned,,
Wilson1900,Sturt,SA,No,1949-12-10,1954-05-29,Defeated,,
Wilson1900,Sturt,SA,No,1955-12-10,1966-10-31,Retired,,
Wilson1932,Sturt,SA,No,1966-11-26,1969-10-25,Defeated,,
Wilson1932,Sturt,SA,No,1972-12-02,1993-02-08,Retired,,
Wilson1966,O'Connor,WA,No,2013-09-07,,,,
Wilson1972,Fremantle,WA,No,2016-07-02,,,,
Wilson1980,Goldstein,VIC,No,2016-07-02,,,,
Wilton1955,Isaacs,VIC,No,1996-03-02,2000-06-14,Died,,
Windsor1950,New England,NSW,No,2001-11-10,2013-08-05,Retired,,
Wise1853,Gippsland,VIC,No,1906-12-12,1913-05-31,Defeated,,
Wise1853,Gippsland,VIC,No,1914-09-05,1922-12-16,Defeated,,
Wood1968,La Trobe,VIC,No,2004-10-09,2010-08-21,Defeated,,
Wood1968,La Trobe,VIC,No,2013-09-07,,,,
WoodsHarry1947,Page,NSW,No,1990-03-24,1996-03-02,Defeated,,
WoodsRobert1947,Lowe,NSW,No,1987-07-11,1993-03-13,Defeated,,
Wooldridge1956,Chisholm,VIC,No,1987-07-11,2001-10-08,Retired,,
Worth1946,Adelaide,SA,No,1993-03-13,2004-10-09,Defeated,,
Wright1942,Capricornia,QLD,No,1984-12-01,1993-03-13,Defeated,,
Wyatt1952,Hasluck,WA,No,2010-08-21,,,,
Wynne1850,Balaclava,VIC,No,1906-12-12,1914-07-30,Retired,,
Yates1871,Adelaide,SA,Yes,1914-01-10,1919-12-13,Defeated,,
Yates1871,Adelaide,SA,No,1922-12-16,1931-12-19,Defeated,,
Yates1921,Holt,VIC,No,1975-12-13,1980-10-18,Defeated,,
Young1936,Port Adelaide,SA,No,1974-05-18,1988-02-08,Resigned,,
Young1968,Longman,QLD,,2019-05-18,,,,
Zahra1973,McMillan,VIC,No,1998-10-03,2004-10-09,Defeated,,
Zammit1941,Lowe,NSW,No,1996-03-02,1998-10-03,Defeated,,
Zappia1952,Makin,SA,No,2007-11-24,,,,
Zimmerman1968,North Sydney,NSW,Yes,2015-12-05,,,,